,seismic,seismoacoustic,shift,genergy,gpuls,gdenergy,gdpuls,ghazard,energy,maxenergy,class
331,2,1,2,72370,581,-79,-70,1,0,0,0
1075,1,1,2,3600,20,5,-50,1,0,0,0
2469,2,1,1,15190,208,-38,-48,1,700,700,0
1839,2,2,1,32780,677,15,8,2,10000,10000,0
444,2,2,1,39700,805,-17,5,1,8700,5000,1
2533,2,1,2,2600,116,-76,-40,1,0,0,0
2104,1,1,2,7080,260,-41,5,1,0,0,0
2583,1,1,1,12750,235,-10,-10,1,0,0,0
642,2,2,1,40030,577,-28,-13,1,0,0,0
1950,1,1,1,11610,315,-21,3,1,0,0,0
311,2,1,2,55350,246,-65,-61,1,3000,3000,0
351,2,2,1,690550,3915,28,29,1,34400,30000,1
548,1,1,1,46740,553,27,29,1,5800,2000,0
1449,1,2,2,5820,308,-37,-1,1,0,0,0
1494,2,1,1,20860,470,180,131,1,0,0,1
2503,1,1,1,15290,315,-13,-1,1,400,400,0
306,2,1,1,459160,1714,-21,-11,1,40000,40000,0
287,2,1,1,833660,2493,22,32,1,11000,6000,0
694,2,1,1,134890,1411,-10,9,1,6000,6000,1
932,1,2,2,32240,61,65,18,1,0,0,0
630,2,1,1,40880,519,12,40,1,600,600,0
2114,1,1,2,10730,205,-5,-16,1,0,0,0
1941,1,1,2,9990,118,17,-56,1,1000,1000,0
2298,2,2,1,52380,469,101,-3,1,20000,20000,0
1774,2,1,2,2940,123,-72,-68,1,0,0,0
1487,1,1,1,16290,463,-4,-17,1,20000,20000,0
1360,1,2,1,15710,308,101,70,1,0,0,0
1684,1,2,1,28230,513,-11,3,1,0,0,0
2273,2,2,2,6930,68,-45,-73,1,0,0,0
1210,2,1,2,15600,548,67,83,1,0,0,0
1472,1,1,1,26220,707,51,22,1,0,0,0
1366,1,2,2,10210,394,169,251,1,0,0,0
1398,1,2,1,46080,942,146,87,1,0,0,0
1234,2,1,1,16170,414,-37,6,1,0,0,0
13,1,1,2,64540,215,0,9,1,6000,6000,0
1048,1,1,2,3890,46,81,15,1,0,0,0
808,1,1,2,2360,16,-54,-71,1,0,0,0
1508,2,1,1,16320,454,23,17,1,0,0,0
514,1,1,1,29340,294,-25,-31,1,1400,600,0
409,2,1,1,22090,174,-47,-54,1,8800,5000,0
1228,2,1,1,12840,350,157,40,1,0,0,0
313,1,1,1,498400,1647,-4,-8,1,300,300,0
2005,2,2,1,15760,570,-40,23,2,300,300,0
2028,2,2,1,38590,716,32,47,1,0,0,0
1288,1,1,1,21280,217,-1,-43,1,0,0,0
2384,1,2,1,38360,759,29,83,1,7000,7000,0
2579,2,1,1,81410,785,432,151,2,0,0,0
382,2,1,1,71660,532,-78,-74,1,2800,2000,0
1173,1,2,2,10070,243,-6,0,1,0,0,0
1741,2,1,2,18440,398,122,137,1,200,200,0
2077,2,1,1,31800,585,-9,6,1,100,100,0
2476,2,1,1,7060,150,-69,-60,1,0,0,0
1084,1,1,2,2440,16,-27,-60,1,0,0,0
1116,1,1,1,25750,494,9,-3,1,0,0,0
263,2,1,1,480250,2368,-42,13,1,34000,30000,0
1014,1,1,2,2540,19,12,-52,1,0,0,0
2441,1,1,2,3000,72,-75,-69,1,0,0,0
1622,2,1,1,38330,1042,-1,-3,1,600,600,0
415,2,1,1,21970,183,-33,-45,1,11500,9000,0
222,1,2,1,2595650,4365,81,66,1,0,0,0
358,2,1,2,102550,731,-53,-45,1,0,0,0
2052,1,1,1,28350,467,-19,-15,1,0,0,0
2311,1,1,1,32470,388,15,-17,1,80000,80000,0
8,1,1,2,100190,303,54,52,1,0,0,0
1105,1,1,1,18470,525,-46,-41,1,0,0,0
316,2,1,1,366500,1484,-46,-61,1,30000,30000,0
304,2,1,1,380320,1545,-40,-24,1,30900,20000,1
427,2,2,2,10370,134,-44,-6,1,6300,4000,1
105,1,1,2,19500,80,-51,-51,1,4000,4000,0
1804,2,2,1,44640,743,58,54,1,0,0,0
121,1,1,2,112300,263,-55,-65,1,0,0,0
2015,2,2,1,12670,350,-55,-25,1,0,0,0
1665,1,1,1,48710,547,41,-3,1,0,0,0
1777,2,1,1,9360,157,-69,-68,1,0,0,0
1412,1,2,1,44150,951,134,88,1,0,0,0
1999,2,2,1,33960,593,29,28,2,4000,4000,0
1316,1,2,1,20720,284,13,-11,1,0,0,0
115,1,1,2,42820,150,28,9,1,3000,3000,0
1053,1,1,2,2680,14,34,-65,1,0,0,0
744,1,1,1,36520,209,-55,-81,1,9800,9000,0
1691,1,2,2,135210,3261,1245,838,2,208000,200000,0
2030,1,1,1,23930,426,-20,-13,1,0,0,0
2415,2,2,1,23860,269,-11,-38,1,200,200,0
2540,2,1,1,16940,288,47,18,1,0,0,0
1780,2,1,2,9680,210,-7,-45,1,0,0,0
672,1,1,1,102710,1159,-11,5,1,400,400,0
2387,1,2,1,22260,422,-25,2,1,0,0,0
1340,1,2,1,27670,305,283,53,1,0,0,0
2284,2,2,1,49120,485,96,-3,1,0,0,1
309,2,1,1,536260,1733,2,-4,1,74000,70000,0
591,2,1,1,31770,231,2,-3,1,10400,8000,0
462,1,1,1,52780,350,-30,-16,1,200,200,0
1057,1,1,2,2650,18,7,-55,1,0,0,0
45,1,1,1,250030,687,-8,-5,1,0,0,0
1299,1,1,1,14070,504,25,81,1,0,0,0
1027,1,1,2,1150,6,-59,-85,1,0,0,0
552,1,2,1,39980,629,14,43,2,2800,2000,0
87,1,1,2,63550,325,15,35,1,0,0,0
690,1,2,2,23000,157,-28,-17,1,2000,2000,0
1811,2,2,1,34090,601,14,16,1,0,0,0
1915,1,1,2,10040,216,7,-33,1,0,0,0
2495,1,1,2,6760,136,-41,-39,1,1000,1000,0
2404,1,2,2,9980,295,-20,18,1,0,0,0
2081,1,1,2,39770,870,218,248,1,0,0,0
800,1,1,1,19420,279,-35,-13,1,2800,1000,0
2137,1,1,1,14010,340,-53,-32,1,600,600,0
300,2,1,1,383490,1401,-42,-30,1,30000,30000,0
2516,1,1,1,8080,294,-48,4,1,0,0,0
543,1,1,2,6040,41,-13,-33,1,3300,3000,0
1885,1,1,1,64920,690,103,7,1,1000,1000,0
2295,2,2,1,36650,414,41,-14,1,0,0,0
494,2,1,1,87140,680,94,83,1,27100,20000,0
365,2,1,2,12340,125,-88,-79,1,400,400,0
2338,2,1,1,25850,504,-18,13,1,0,0,0
2377,1,1,1,35420,290,11,-32,1,900,900,0
273,1,1,1,538060,2075,-5,-11,1,900,700,1
788,1,1,1,46170,404,53,45,1,700,700,0
71,1,1,2,75930,305,-38,-27,1,6000,6000,0
2281,2,2,1,22720,181,-9,-64,1,0,0,0
1940,1,1,2,5440,126,-18,-28,1,300,300,0
63,1,1,2,46380,133,6,-16,1,5000,5000,0
394,2,3,2,18900,208,-81,-67,1,3000,3000,0
937,1,2,2,44730,79,-58,-49,1,0,0,0
343,2,1,1,206610,1421,-7,1,1,4200,4000,1
2208,1,3,1,67230,1155,57,75,2,3500,3000,1
1476,1,1,1,13710,613,-21,6,1,0,0,0
500,1,2,2,2560,38,-49,-14,1,1300,1000,0
1791,2,1,1,36530,700,27,42,1,0,0,0
1405,1,2,1,34110,408,112,70,1,5300,4000,0
677,1,1,2,11440,121,-68,-37,1,0,0,0
1100,1,2,2,5550,168,-52,-53,1,0,0,0
2022,2,2,1,34930,459,19,-6,1,0,0,0
2179,2,2,1,124380,1220,324,146,3,0,0,0
2133,1,1,1,33900,682,7,29,1,0,0,0
1178,1,2,2,8550,205,-15,-11,1,0,0,0
272,1,1,1,811060,2877,45,28,1,900,700,0
1290,1,1,1,12350,296,101,21,1,0,0,0
205,2,2,1,924910,1869,-14,-19,1,0,0,0
733,2,1,1,68920,1004,-59,-51,1,66000,60000,0
152,1,1,1,498960,1447,30,17,1,900,900,0
949,1,1,2,7400,24,-23,-40,1,0,0,0
557,1,2,1,150220,709,53,-25,1,23000,20000,0
1033,1,1,2,1920,32,-29,-20,1,0,0,0
1706,1,2,1,37440,686,7,-35,1,0,0,0
377,2,1,1,94740,732,-79,-73,1,21000,20000,0
1517,2,1,1,27960,804,95,94,1,0,0,0
535,2,2,1,17150,198,-39,-44,1,24200,20000,0
1281,1,1,1,7090,124,-69,-69,1,0,0,0
1083,1,1,2,5090,35,63,-12,1,0,0,0
2565,2,1,1,42640,576,264,150,1,0,0,0
198,1,1,1,576040,1541,-24,-22,1,900,900,0
561,1,2,1,46580,260,-56,-48,1,2000,2000,0
685,1,2,1,133430,1074,5,-9,1,16700,8000,0
1771,2,1,2,6850,355,191,309,2,0,0,0
590,2,1,1,43940,327,41,36,1,41000,40000,0
519,2,1,1,25400,398,-29,-8,1,6000,4000,0
308,2,1,1,557510,1946,5,8,1,5800,5000,1
604,1,1,2,3040,63,-43,26,1,0,0,0
2232,2,2,1,12220,465,-78,-41,1,0,0,0
1220,2,1,1,35130,859,65,38,1,0,0,0
59,1,1,1,372770,975,37,32,1,1400,700,0
583,1,1,2,4410,76,-23,53,1,0,0,0
2039,1,1,2,13520,363,8,45,1,0,0,0
207,1,1,2,218630,645,-11,14,1,3000,3000,0
491,1,1,1,60420,537,30,43,1,4500,4000,0
2353,2,1,1,47700,535,48,22,1,0,0,0
785,1,2,1,37820,347,16,24,1,4000,3000,0
1029,1,1,2,2760,24,2,-40,1,0,0,0
2510,1,1,1,24320,427,56,51,1,0,0,0
792,1,1,1,28130,347,-19,3,1,3100,2000,0
831,1,2,2,29650,93,-51,-20,1,0,0,0
162,2,3,1,696470,1368,-16,-12,1,2400,2000,0
1399,1,2,1,27940,334,74,39,1,0,0,0
526,1,1,1,15460,208,-50,-51,1,4000,4000,0
1322,1,2,1,16110,402,23,23,2,0,0,0
891,1,2,2,20840,52,-14,-3,1,0,0,0
2332,2,1,1,23260,483,-22,8,1,0,0,0
256,2,2,1,600400,1688,-54,-1,2,2200,2000,1
506,1,2,1,48250,573,9,44,1,12600,8000,0
386,2,1,1,151660,900,-25,-33,1,67700,30000,0
2251,2,1,2,37050,649,435,239,2,0,0,0
952,1,1,2,11190,27,4,-32,1,0,0,0
2307,1,2,1,30980,480,11,0,1,0,0,0
2242,2,1,1,65350,1081,18,33,1,0,0,0
2285,2,2,1,93280,747,273,49,1,16000,10000,0
1098,1,2,2,7510,169,-35,-53,1,0,0,0
2024,2,2,1,64490,755,120,55,1,0,0,0
2388,1,2,1,28280,498,-5,20,1,5000,5000,0
20,1,1,2,13250,32,-71,-79,1,0,0,0
1505,2,1,1,39760,783,198,102,1,900,900,0
439,2,1,1,30460,457,-39,-36,1,70600,70000,0
1163,1,2,1,22260,493,-13,11,1,900,900,0
381,2,1,1,108010,889,-70,-60,1,41200,30000,0
1444,1,2,1,7920,178,-53,-30,1,0,0,0
1350,1,2,1,21000,483,40,28,2,200,200,0
538,1,1,1,17860,200,-44,-50,1,4200,4000,0
998,1,1,2,4240,25,19,-38,1,0,0,0
1488,1,1,1,10160,437,-40,-21,1,0,0,0
83,1,2,1,169370,644,-53,-45,1,0,0,0
973,1,2,2,19420,60,98,20,1,0,0,0
2366,1,1,1,26620,356,-18,-15,1,0,0,0
1601,1,1,2,7920,248,-23,-28,1,0,0,0
2341,2,1,1,58660,728,87,63,1,2400,2000,0
883,1,1,1,48630,126,-48,-35,1,0,0,0
1310,1,2,1,11320,472,-6,56,2,0,0,0
1641,2,2,2,13330,443,29,26,1,0,0,0
1874,1,2,1,20760,326,-32,-49,1,0,0,0
886,1,1,1,20090,74,-78,-62,1,0,0,0
270,1,1,2,146840,744,-68,-46,1,2000,2000,0
1186,1,2,2,7170,170,-27,-26,1,0,0,0
1226,2,1,1,20670,376,-25,-10,1,0,0,0
2573,2,1,1,37560,493,149,61,1,200,200,0
2514,1,1,1,18370,486,18,72,1,0,0,0
976,1,1,2,10330,35,-11,-32,1,0,0,0
1716,1,2,1,23710,387,-32,-31,1,1000,1000,0
1989,1,1,1,24300,508,2,11,1,0,0,0
1102,1,1,2,3610,154,-67,-55,1,0,0,0
429,2,2,1,46430,737,3,46,1,15000,9000,0
1259,1,1,2,1400,58,-62,-47,1,0,0,0
2272,2,2,2,9530,178,-24,-29,1,0,0,0
1616,2,1,1,27900,1158,-25,11,1,0,0,0
2283,2,2,1,65960,496,164,-1,1,2200,2000,0
458,1,1,2,6530,38,-72,-92,1,100,100,0
1406,1,2,1,26120,341,62,39,1,400,400,0
927,1,2,2,20250,45,13,-10,1,0,0,0
78,1,1,1,302440,1250,-16,9,1,600,300,0
2512,1,1,1,10910,269,-30,-5,1,1000,1000,1
1760,1,1,2,10140,176,12,-5,1,0,0,0
32,1,1,1,144880,361,-46,-52,1,2000,2000,0
906,1,2,2,72460,150,166,180,2,1000,1000,0
1948,1,1,1,22220,415,-5,-11,1,7000,7000,0
1607,1,1,2,7460,240,-28,-32,1,0,0,0
2323,2,1,1,73160,654,155,46,1,3000,3000,0
380,1,1,1,189840,1276,-50,-45,1,17900,7000,1
1552,2,2,1,46640,1439,88,116,1,0,0,1
226,1,1,2,157450,418,-33,-31,1,0,0,0
1461,1,2,1,48240,565,187,116,1,0,0,0
2485,1,1,1,8160,148,-51,-57,1,300,300,0
715,2,1,1,127010,1388,-30,-22,1,9000,5000,1
1870,1,2,2,4040,92,-57,-72,1,0,0,0
686,1,2,1,253510,2069,98,76,1,7100,4000,0
2209,1,3,1,95180,1144,122,73,2,27000,20000,1
1620,2,1,1,22840,842,146,311,2,0,0,0
305,2,1,1,401730,1329,-32,-31,1,91700,90000,1
209,1,1,1,1189240,2159,-3,-12,1,5200,4000,0
1018,1,1,2,3720,43,75,8,1,0,0,0
2231,2,2,1,19860,732,9,64,1,3000,3000,0
1789,2,1,1,12870,364,-57,-26,1,0,0,0
2561,2,1,2,11700,181,15,-4,1,0,0,0
2390,1,2,1,30990,525,5,25,1,0,0,0
885,1,1,1,101040,213,11,11,1,1700,1000,0
2270,2,2,2,23880,488,-4,-22,1,0,0,0
2162,2,1,1,53660,627,97,33,1,2100,1000,0
1241,1,1,1,15820,382,-32,0,1,0,0,0
191,1,2,1,1127430,3031,58,90,1,300,300,0
1295,1,1,1,6020,129,-71,-64,1,0,0,0
483,1,1,1,53390,432,-7,15,1,3200,3000,0
915,1,1,2,12950,41,-65,-55,1,0,0,0
277,1,2,1,576200,1558,15,-22,1,21300,8000,1
988,1,1,2,7530,32,12,-20,1,0,0,0
1091,1,2,2,7130,105,134,142,2,0,0,0
1213,2,1,1,10000,208,-62,-49,1,500,500,0
571,2,1,1,39760,211,-38,-39,1,1600,900,0
993,1,1,2,1270,9,-75,-78,1,0,0,0
585,1,1,2,6070,46,14,-9,1,3000,3000,0
1174,1,2,2,5940,182,-41,-21,1,0,0,0
2577,2,1,1,16330,270,7,-14,1,0,0,0
1512,2,1,1,12160,364,-15,-12,1,0,0,0
674,1,1,1,182210,1766,63,63,1,17800,7000,0
1260,1,1,2,2390,50,-73,-77,1,0,0,0
855,1,2,2,40820,78,87,95,1,0,0,0
447,2,2,1,108750,384,96,-56,1,6200,3000,1
2170,2,1,1,42060,740,43,49,1,0,0,0
1242,1,1,1,17690,284,-24,-26,1,300,300,0
1846,2,2,2,12780,376,23,-1,2,0,0,0
2304,1,2,1,9060,165,-67,-66,1,0,0,0
294,1,1,2,53320,203,-31,-39,1,4000,4000,0
588,1,1,1,37710,233,2,-12,1,2000,2000,0
1820,1,2,2,24530,626,180,226,1,0,0,0
1356,1,2,1,20910,546,179,233,2,0,0,0
1071,1,1,2,4290,45,41,12,1,0,0,0
2000,2,2,1,20080,370,-24,-20,2,0,0,0
425,2,2,1,46810,552,28,47,1,27500,20000,0
534,2,2,1,13740,218,-55,-42,1,0,0,1
1054,1,1,2,3390,13,55,-68,1,0,0,0
1387,2,2,1,15060,618,-17,29,1,0,0,0
2158,2,1,1,10220,408,-62,-14,1,0,0,0
1194,1,2,2,9860,324,7,46,1,0,0,0
1875,1,2,1,27150,441,-11,-31,1,0,0,0
2098,1,1,2,4160,189,-67,-24,1,0,0,0
1357,1,2,1,9410,383,-37,2,2,0,0,0
1599,1,1,2,5890,301,-43,-13,1,0,0,0
2291,1,2,1,32920,363,32,-27,1,0,0,1
1513,2,1,1,12030,308,-16,-26,1,0,0,0
556,1,2,1,81410,441,-19,-56,1,10200,9000,1
1525,2,2,1,43780,529,168,84,1,1000,1000,0
1110,1,1,1,79240,1381,124,47,1,0,0,1
2308,1,2,1,30180,375,8,-22,1,2000,2000,0
570,2,1,1,32310,194,-56,-49,1,28400,20000,0
352,2,2,1,397280,1630,-29,-48,1,31300,30000,0
91,1,1,2,46020,267,-18,6,1,5000,5000,0
2183,1,3,2,33530,747,338,215,3,1000,1000,0
1113,1,1,1,43380,693,83,36,1,0,0,0
1099,1,2,2,3110,164,-73,-54,1,0,0,0
1437,1,1,2,3580,84,-49,-50,1,0,0,0
2029,2,2,1,25050,451,-14,-7,1,0,0,0
2416,2,2,1,24950,344,-7,-21,1,300,300,0
348,1,1,2,65250,450,-74,-70,1,0,0,1
1165,1,2,1,16480,401,-35,-10,1,0,0,0
1984,1,1,1,48560,726,105,58,1,0,0,1
1703,1,2,1,25710,365,-25,-33,1,10000,10000,0
1336,1,2,1,21860,283,39,14,1,4000,4000,0
1090,1,1,2,4200,74,54,85,1,0,0,0
2451,1,1,1,20380,338,-24,-22,1,200,200,0
2437,1,1,2,3160,73,-75,-70,1,0,0,0
2145,1,1,1,40770,522,36,2,1,8000,8000,0
453,1,1,1,61710,376,-29,-6,1,22900,10000,0
913,1,2,2,18800,67,-51,-23,1,0,0,0
1389,2,2,1,18850,587,4,23,1,0,0,0
37,1,1,2,69440,266,41,30,1,0,0,0
974,1,2,2,20060,57,87,12,1,0,0,0
1866,1,2,2,22610,242,193,30,1,0,0,0
1463,1,2,1,9590,222,-49,-64,1,300,300,0
39,1,1,2,23220,112,-53,-45,1,0,0,0
1325,1,2,1,23800,540,82,65,2,0,0,0
169,1,2,1,582700,1232,-32,-28,1,7000,7000,0
1897,1,1,1,19910,568,-42,-3,1,0,0,0
1772,2,1,2,8880,112,-15,-71,1,7000,7000,0
1410,1,2,1,12180,351,-24,44,1,0,0,0
634,2,1,1,31440,361,-27,-22,1,4600,4000,0
1429,1,1,2,2910,80,-58,-54,1,0,0,0
579,1,1,2,4050,34,-31,-37,1,600,600,0
1645,2,2,1,15210,527,-64,-56,1,0,0,0
892,1,2,2,29560,112,22,103,2,0,0,0
780,1,1,1,41740,331,37,29,1,1100,700,0
159,1,2,1,715540,1471,-13,-4,1,900,600,1
2408,2,2,1,24370,428,-16,-3,1,2000,2000,0
1713,1,2,1,21750,635,-38,-40,1,0,0,0
61,1,1,2,32070,138,-36,-23,1,0,0,0
849,1,2,1,140610,254,-20,-17,2,800,800,0
1656,2,2,1,17300,656,-56,-43,1,7000,7000,0
2493,1,1,2,5640,193,-48,0,1,0,0,0
1043,1,1,2,780,6,-70,-85,1,0,0,0
1441,1,2,1,3560,83,-79,-67,1,0,0,0
1207,2,1,1,87260,2457,275,258,1,80000,80000,0
1070,1,1,2,2970,19,0,-52,1,0,0,0
53,1,2,2,45150,140,24,-4,1,0,0,0
1658,2,2,1,47670,507,40,-11,1,0,0,0
505,1,2,1,26800,306,-44,-26,1,10000,10000,0
752,1,1,2,6430,30,-33,-79,1,300,300,0
1475,1,1,1,30110,868,73,49,1,4000,4000,0
1580,2,2,1,48330,1389,42,45,2,0,0,0
1831,1,2,1,34660,516,23,-20,2,0,0,0
1134,1,2,1,25850,476,1,-6,1,0,0,0
2581,2,1,1,26960,540,101,112,1,0,0,0
2124,1,1,1,29690,636,-10,18,1,800,800,0
771,1,1,1,43490,352,26,24,1,0,0,0
2420,2,2,2,4330,160,-65,-36,1,0,0,0
2313,1,1,1,57200,773,102,66,1,5000,3000,0
1085,1,1,2,950,46,-68,15,1,0,0,0
1660,2,2,1,19290,859,-51,-25,1,200,200,0
1273,1,1,1,8820,243,50,-5,1,0,0,0
2196,1,3,1,40750,725,3,18,3,0,0,0
1271,1,1,2,3540,186,62,74,1,0,0,0
1251,1,1,2,6260,268,-33,-11,1,0,0,0
1993,2,2,1,47200,562,91,24,2,0,0,0
963,1,1,2,6760,24,-37,-40,1,0,0,0
2115,1,1,2,7090,220,-38,-10,1,0,0,0
398,2,2,1,127770,1141,7,24,1,44400,40000,0
584,1,1,2,3280,40,-41,-23,1,200,200,0
948,1,1,2,12620,37,16,-8,1,0,0,0
704,1,2,1,273200,2387,89,71,1,3400,3000,0
431,2,2,2,20340,271,16,93,1,202000,200000,0
292,1,1,2,43600,194,-48,-48,1,0,0,0
1985,1,1,1,42210,662,78,44,1,33000,30000,0
1546,2,2,1,58100,1267,161,113,1,300,300,0
1970,2,1,1,18420,255,-21,-46,1,0,0,0
2,1,1,2,8050,30,-81,-78,1,0,0,0
576,1,1,1,33580,268,-39,-13,1,4000,4000,0
1917,1,1,1,55230,904,57,56,1,0,0,0
339,2,1,1,199030,1255,-30,-45,1,700,400,1
2360,2,1,1,25910,424,-22,-3,1,900,900,0
925,1,2,2,19040,50,7,0,1,0,0,0
265,2,1,1,450060,2019,-33,-2,1,14000,8000,0
376,1,1,1,55730,387,-89,-87,1,9600,8000,1
271,1,1,1,675030,1992,12,-14,1,5300,2000,0
696,2,2,1,83490,898,-49,-37,2,100300,100000,1
1736,2,1,2,13160,271,58,61,1,0,0,0
244,1,1,1,1101540,1185,-7,-14,1,0,0,0
1776,2,1,2,6450,112,-38,-71,1,0,0,0
476,1,1,1,69070,505,-4,35,1,5700,2000,0
1261,1,1,2,5760,65,-36,-70,1,0,0,0
1626,2,1,1,16470,668,-57,-38,1,0,0,0
1375,2,2,1,18340,534,3,17,1,0,0,0
1247,1,1,2,8690,262,-6,18,1,0,0,0
1611,1,1,1,25200,318,-20,-40,1,1000,1000,1
1391,2,2,2,10690,367,182,227,1,0,0,0
250,1,2,1,1514120,1518,28,12,1,1900,1000,1
413,2,1,1,45670,382,26,5,1,10800,5000,1
2129,1,1,1,25480,484,-20,-8,1,7000,7000,0
2299,2,2,1,20420,315,-22,-35,1,0,0,0
310,2,1,2,90160,425,-48,-39,1,0,0,0
893,1,2,2,28210,83,8,30,1,3000,3000,0
1131,1,1,1,33500,231,48,-53,1,0,0,0
2505,1,1,1,23650,212,34,-33,1,1100,700,0
15,1,2,1,225040,575,-3,5,1,7000,6000,0
721,2,1,1,118110,1660,-34,-15,1,2000,2000,1
2269,2,2,2,31780,538,27,-14,2,0,0,0
981,1,1,2,16410,32,51,-20,1,0,0,0
2181,2,2,1,69450,1412,137,185,2,0,0,0
2318,2,1,1,32030,350,12,-22,1,0,0,0
363,1,2,1,546980,2212,-3,-7,1,100,100,1
1490,1,1,1,8210,351,-52,-37,1,0,0,0
182,1,1,1,912890,2001,25,37,1,0,0,0
985,1,1,2,7400,25,-12,-38,1,0,0,0
2274,2,2,2,6200,211,-50,-16,1,0,0,0
1377,2,2,1,21300,710,19,55,1,2000,2000,0
2359,2,1,1,44990,508,36,16,1,5500,5000,0
1121,2,1,1,58720,513,175,8,1,0,0,0
187,1,1,2,414700,900,69,63,1,0,0,0
619,2,1,1,11800,133,-47,-46,1,3300,3000,0
2482,1,1,1,25920,369,17,0,1,0,0,0
1175,1,2,2,7860,165,-21,-28,1,0,0,0
1556,2,2,1,63390,1039,188,179,1,7000,7000,0
614,2,1,1,23200,264,-28,-18,1,40600,40000,0
1844,2,2,2,44240,678,327,79,2,0,0,0
994,1,1,2,2870,22,-40,-45,1,0,0,0
934,1,2,2,48650,73,-51,-51,1,0,0,0
371,1,1,2,3210,47,-93,-82,1,0,0,0
1432,1,1,2,6470,98,-7,-41,1,0,0,0
593,1,1,1,29150,259,0,18,1,600,600,1
726,1,1,2,9670,186,-59,-7,1,0,0,0
1975,2,1,1,26330,386,13,-18,1,0,0,0
687,1,2,1,121870,935,-15,-26,1,900,500,0
1779,2,1,2,9340,153,-10,-60,1,0,0,0
136,1,1,2,51230,222,-68,-57,1,3000,3000,0
628,1,2,1,20160,243,-47,-36,1,2700,2000,1
334,1,1,1,268170,1352,-41,-35,1,400,400,1
1584,1,2,2,21780,944,136,209,1,0,0,0
1927,1,1,2,4170,181,-49,-34,1,0,0,0
1109,1,1,1,15170,414,-56,-54,1,0,0,0
1381,2,2,1,17730,568,-1,24,1,0,0,0
1912,1,1,1,11410,250,-67,-57,1,0,0,0
710,2,1,2,12380,126,-56,-35,1,70000,70000,0
1039,1,1,2,1380,56,-49,40,1,0,0,0
1724,2,2,1,26370,524,73,119,1,30000,30000,0
1547,2,2,1,30610,1260,37,112,1,300,300,0
2379,1,1,1,19390,469,-39,10,1,0,0,0
1112,1,1,1,38230,835,61,63,1,0,0,0
465,1,1,1,78430,455,12,8,1,207900,200000,0
1223,2,1,2,10820,524,16,75,1,0,0,0
1455,1,2,1,13930,423,-26,-32,1,0,0,0
2555,1,1,1,32210,510,147,95,1,600,600,0
1987,1,1,1,33310,541,40,18,1,0,0,0
1104,1,1,2,3100,184,-72,-47,1,0,0,0
1972,2,1,1,57010,535,144,14,1,600,600,0
338,2,1,1,256850,1650,-11,-31,1,1800,700,0
1553,2,2,1,53730,1444,116,117,1,80000,80000,0
2168,2,1,1,39830,636,36,28,1,0,0,0
1364,1,2,1,24690,565,56,42,1,0,0,0
1253,1,1,2,5510,157,-40,-29,1,0,0,0
2175,2,2,1,63190,840,115,69,1,600,400,0
816,1,1,2,290,3,-67,-92,1,3000,3000,0
1067,1,1,2,2870,21,-2,-48,1,0,0,0
274,2,1,1,372470,1848,-35,-22,1,70000,60000,1
1822,1,2,2,16060,335,83,74,1,0,0,0
865,1,1,1,54980,115,-72,-66,1,600,600,0
101,1,1,1,270040,717,10,-14,1,800,500,0
1653,2,2,1,77870,271,626,18,2,0,0,0
107,1,1,1,166700,363,-34,-56,1,0,0,0
2572,2,1,1,14660,229,-3,-25,1,0,0,0
1587,1,2,2,16460,586,79,92,1,0,0,0
1457,1,2,2,14190,384,62,30,1,0,0,0
1537,2,2,1,23750,442,32,44,2,600,600,0
2150,1,1,1,28450,528,3,9,1,0,0,0
1837,1,2,1,35800,722,27,11,2,0,0,0
1977,2,1,1,41260,529,77,13,1,0,0,0
1302,1,1,1,33560,590,194,111,1,0,0,0
1637,2,2,1,18540,896,-55,-22,1,0,0,0
712,2,1,1,166220,1762,7,20,1,0,0,1
72,1,1,2,73030,240,25,7,1,0,0,0
1928,1,1,2,7160,182,-13,-34,1,0,0,0
2486,1,1,1,11890,475,23,10,1,0,0,0
481,1,1,1,39050,305,-40,-19,1,2000,700,0
1784,2,1,1,25550,451,-8,-47,1,0,0,0
1521,2,2,1,42220,515,159,79,1,0,0,1
1171,1,2,2,9380,234,-13,-3,1,0,0,0
2112,1,1,2,22470,307,98,26,1,300,300,0
1825,1,2,1,59840,696,124,7,1,6300,6000,1
405,2,2,1,29400,331,-32,-6,1,22000,20000,0
757,1,1,1,32550,167,17,-8,1,13200,6000,0
2096,1,1,2,4620,175,-63,-30,1,0,0,0
1738,2,1,1,28510,805,-7,-13,1,10000,10000,0
1849,2,2,2,7590,233,-27,-38,2,0,0,0
1894,1,1,2,22480,508,227,195,1,0,0,0
2055,2,1,1,27480,441,-21,-18,1,4000,4000,0
743,1,1,1,47740,276,-42,-76,1,7800,3000,0
806,1,2,2,1200,15,-79,-74,1,0,0,0
2389,1,2,1,32050,645,7,56,1,300,300,0
2189,1,3,1,101280,1116,223,112,3,700,700,0
2032,1,1,1,41410,630,38,29,1,0,0,0
1535,2,2,2,30840,1022,235,235,2,0,0,0
148,1,1,2,37490,224,-70,-51,1,0,0,0
1618,2,1,1,108280,2157,190,106,1,9500,9000,0
1538,2,2,1,23260,746,27,48,2,0,0,0
692,2,1,1,127110,1140,-12,-9,1,22600,20000,1
818,1,1,1,11740,46,-90,-96,1,4000,4000,0
2086,1,1,2,6530,266,-48,6,1,0,0,0
1544,2,2,1,40560,1130,82,90,1,1200,700,0
1836,1,2,1,67360,1525,139,135,2,80200,80000,0
701,2,1,1,186280,1921,39,51,1,72500,70000,0
2290,1,2,1,54900,426,120,-15,1,0,0,0
921,1,1,2,9430,44,-50,-17,1,0,0,0
905,1,2,1,107250,168,43,-8,1,0,0,0
454,1,1,1,53900,320,-36,-20,1,4000,2000,0
2412,2,2,1,21950,375,-24,-15,1,2000,2000,0
1920,1,1,2,13610,262,46,-19,1,0,0,0
1578,2,2,1,21430,776,-37,-19,2,0,0,0
167,1,2,2,155540,363,74,79,1,0,0,0
730,1,1,2,4580,91,-72,-50,1,1000,1000,0
2234,2,2,1,31610,860,10,12,1,0,0,0
26,1,1,2,56960,200,-70,-58,1,0,0,0
2403,1,2,2,20040,402,60,61,1,0,0,0
1711,1,2,1,39410,1146,12,9,1,3000,3000,0
997,1,1,2,4310,29,15,-28,1,0,0,0
1176,1,2,2,5420,163,-46,-29,1,0,0,0
1040,1,1,2,2780,19,8,-52,1,0,0,0
1739,2,1,1,26210,619,-20,20,1,0,0,1
1344,1,2,1,10730,233,-26,-36,2,0,0,0
2023,2,2,1,64830,916,121,88,1,6000,6000,0
41,1,1,2,8750,47,-80,-75,1,0,0,0
1887,1,1,2,18890,386,102,19,1,400,400,0
1744,2,1,1,27440,635,-5,-28,1,400,400,0
1826,1,2,1,52200,828,95,27,1,10000,10000,0
2008,2,2,1,47600,763,78,68,1,0,0,0
1697,2,2,1,40770,910,20,-10,1,0,0,0
609,2,2,1,51910,495,57,73,2,0,0,0
1132,1,1,1,58190,419,158,-14,1,0,0,0
28,1,1,2,42950,172,-76,-61,1,6000,6000,0
441,2,2,2,15500,255,72,86,1,2000,2000,0
1448,1,2,2,6690,163,-3,0,1,0,0,0
1694,2,2,1,26990,769,-20,-24,1,0,0,0
493,1,1,1,20380,162,-58,-59,1,4700,4000,1
1258,1,1,2,650,80,-82,-28,1,0,0,0
1301,1,1,1,15380,418,37,50,1,0,0,0
2016,2,2,1,13590,359,-51,-23,1,1000,1000,0
1304,1,1,1,11440,505,0,81,1,0,0,0
236,1,2,1,1312110,1471,24,2,1,3000,3000,0
551,1,2,1,33540,570,-6,34,1,0,0,0
520,2,1,1,32500,474,-5,10,1,700,700,0
2487,1,1,1,10080,349,11,40,1,3000,3000,0
1232,2,1,1,17320,586,-17,-6,1,0,0,0
1138,1,2,1,9450,209,-63,-59,1,0,0,0
720,2,1,1,151210,1727,-18,-12,1,31800,20000,0
2043,1,1,1,25630,423,-24,-21,1,0,0,0
2287,1,2,1,32660,290,31,-42,1,0,0,0
58,1,1,2,37360,171,-21,0,1,4000,4000,0
631,2,1,1,30430,308,-16,-19,1,4500,4000,0
1181,1,2,2,5000,163,-50,-29,1,0,0,0
1762,1,1,2,9030,342,-14,-8,1,80000,80000,0
592,2,1,1,16450,141,-47,-40,1,3800,3000,0
1303,1,1,1,38560,741,237,166,1,7000,7000,0
2357,2,1,1,15650,316,-52,-28,1,0,0,0
939,1,1,2,13960,36,-85,-74,1,0,0,0
2407,2,2,1,20160,317,-30,-28,1,300,300,0
1249,1,1,2,8380,234,-9,6,1,0,0,0
904,1,2,1,68130,162,-9,-9,1,1000,600,0
1279,1,1,1,16360,149,-28,-63,1,800,800,0
2066,2,1,1,20330,413,-42,-25,1,0,0,0
2480,1,1,1,9790,422,-4,-6,1,0,0,0
1765,1,1,2,10300,144,13,-22,1,0,0,0
1524,2,2,1,23790,589,56,34,2,0,0,0
1990,2,2,1,22010,380,-11,-16,2,0,0,0
2048,1,1,1,31430,484,-10,-11,1,0,0,0
706,1,2,1,200350,1668,43,24,1,0,0,0
1022,1,1,2,3430,23,27,-42,1,0,0,0
745,1,1,1,28360,181,-60,-80,1,3800,3000,0
1961,2,1,1,21650,348,53,18,1,0,0,0
2549,1,1,1,76490,1203,484,367,2,0,0,0
513,1,1,2,9470,79,-81,-84,1,2000,2000,0
81,1,2,2,58230,279,8,27,1,0,0,0
2402,1,2,2,30820,786,147,214,1,206000,200000,0
1308,1,1,1,12400,402,9,44,1,0,0,0
914,1,1,2,29500,92,-21,6,1,300,300,0
2382,1,2,1,32270,631,8,52,1,500,500,0
1947,1,1,1,7430,196,-70,-61,1,0,0,0
150,1,1,1,278230,1060,-31,-18,1,900,900,0
774,1,1,2,3650,41,-44,-46,1,4000,4000,0
329,2,1,1,577770,2765,27,38,1,2000,2000,1
6,1,1,1,207930,614,-6,18,1,1000,700,0
943,1,1,2,10100,23,-82,-75,1,0,0,0
1709,1,2,1,21350,376,-38,-31,1,0,0,0
734,2,1,1,134870,2096,-17,4,1,5100,3000,0
909,2,2,2,48590,134,28,84,2,20000,20000,0
468,1,2,1,104410,631,54,50,1,1600,1000,0
181,1,1,1,441960,1006,-42,-33,1,6000,3000,0
164,1,3,1,1124850,2153,37,39,1,3900,2000,0
451,1,1,1,56810,285,-35,-27,1,6100,2000,0
490,1,1,1,33310,274,-30,-27,1,6800,3000,0
2424,1,2,2,5690,100,-53,-59,1,0,0,0
1143,1,2,1,21860,196,-16,-60,1,0,0,0
1311,1,2,1,14770,241,-19,-24,1,0,0,0
1818,1,2,1,43030,625,50,26,1,300,300,0
1111,1,1,1,103380,2701,193,187,1,200000,200000,0
2462,2,1,1,16820,244,-32,-39,1,0,0,0
1404,1,2,1,23560,546,26,9,1,0,0,0
1591,1,2,2,11230,383,19,22,1,0,0,0
1835,1,2,1,66030,812,112,52,1,0,0,1
2530,2,1,2,8520,216,-21,12,1,0,0,0
1621,2,1,1,21200,794,-43,-24,1,200,200,0
1983,1,1,1,38400,555,62,21,1,12000,8000,0
1854,2,2,2,7400,169,-28,-54,2,0,0,0
2329,2,1,1,34800,450,17,1,1,3200,3000,0
327,1,2,1,820600,3506,92,97,1,8700,8000,1
442,1,2,2,19320,320,106,118,2,2300,2000,1
2406,2,2,1,21760,391,-25,-11,1,1000,1000,0
1477,1,1,1,15300,242,-2,-4,1,400,400,0
832,1,2,1,111510,169,-36,-63,1,5000,3000,0
2035,1,1,1,29730,539,-1,10,1,200,200,0
1623,2,1,1,90650,2005,135,86,1,4000,3000,0
2499,1,1,1,13070,282,-11,-12,1,0,0,0
1613,1,1,1,93020,2422,158,140,1,600,600,0
86,1,1,1,149050,697,-54,-35,1,6000,6000,0
2523,2,1,1,14050,271,-3,2,1,300000,300000,0
777,1,2,1,39880,342,15,21,1,2800,1000,0
1600,1,1,2,4030,262,-61,-24,1,0,0,0
54,1,2,2,60460,191,56,29,1,0,0,0
2010,2,2,1,24500,488,-9,7,1,0,0,0
1287,1,1,1,27540,291,28,-24,1,0,0,0
2554,1,1,1,29320,526,125,101,1,90000,90000,0
1688,1,2,1,28780,1294,-18,26,1,0,0,0
1245,1,1,2,18040,317,95,43,1,0,0,0
113,1,2,1,328050,707,51,0,1,200,200,0
2423,1,2,2,6260,114,-49,-53,1,0,0,0
987,1,1,2,5930,31,-26,-22,1,0,0,0
2019,2,2,1,42700,700,53,49,1,400,400,0
2571,2,1,1,13460,229,-11,-25,1,0,0,0
1009,1,1,2,2290,6,-7,-85,1,0,0,0
1198,2,2,2,19760,445,114,101,1,0,0,0
1394,2,2,1,21300,257,33,10,1,0,0,0
589,1,1,1,20250,157,-41,-39,1,2600,1000,1
768,1,2,1,32930,271,-16,-7,1,3000,3000,0
17,1,2,2,22890,81,-63,-58,1,0,0,0
1042,1,1,2,2700,14,-3,-65,1,0,0,0
2121,1,1,1,13990,307,-58,-43,1,0,0,0
285,2,1,1,568200,1834,-16,-7,1,32700,30000,1
428,2,2,1,47500,668,12,46,1,97100,50000,0
1328,1,2,1,12800,213,-22,-20,1,0,0,0
1452,1,2,2,10540,321,15,3,1,0,0,0
669,1,1,2,16960,130,-56,-34,1,4000,4000,0
31,1,1,2,51320,239,11,23,1,6000,6000,0
1341,1,2,1,32730,1209,353,506,2,0,0,0
722,2,1,1,118120,1716,-33,-14,1,20000,20000,0
951,1,1,2,18250,67,95,68,1,0,0,0
1889,1,1,1,96760,1125,197,84,1,0,0,0
214,1,1,1,1062280,1982,-27,-27,1,5200,5000,0
1916,1,1,1,9710,248,-72,-57,1,0,0,0
1164,1,2,1,14370,338,-44,-24,1,400,400,0
326,2,2,1,742750,3037,87,85,1,18000,8000,0
560,1,2,1,83570,488,-24,-3,1,1800,1000,0
1383,2,2,1,32240,702,77,47,1,0,0,0
1086,1,1,2,2440,63,-10,58,1,0,0,0
1962,2,1,1,27320,453,17,-4,1,0,0,1
341,2,1,1,320110,1844,54,35,1,20600,20000,1
147,1,1,2,74570,308,-41,-35,1,4000,3000,0
1973,2,1,1,56060,600,140,27,1,0,0,0
2075,2,1,1,54070,696,56,26,1,0,0,0
1107,1,1,1,25010,524,-27,-41,1,0,0,0
848,1,2,1,362360,575,122,93,2,10400,7000,0
966,1,1,2,14810,45,41,12,1,0,0,0
1072,1,1,2,2510,17,-16,-58,1,0,0,0
155,1,1,1,788230,1484,-1,-1,1,0,0,0
1783,2,1,1,37340,683,25,38,1,0,0,0
1721,2,2,2,10820,426,8,22,1,3000,3000,0
1002,1,1,2,3460,47,14,18,1,0,0,0
1978,2,1,1,60320,632,159,35,1,3000,3000,0
2578,2,1,1,28910,307,115,20,1,0,0,0
2256,2,1,1,29480,510,-7,-39,1,0,0,0
2288,1,2,1,48110,433,92,-13,1,0,0,0
2434,1,1,2,3420,74,-73,-70,1,0,0,0
1203,2,2,1,30820,389,22,-4,1,0,0,0
1750,1,1,2,9660,511,-4,47,1,0,0,0
2427,1,2,2,4650,104,-62,-57,1,0,0,0
1491,1,1,1,8880,309,-48,-44,1,0,0,0
1583,1,2,2,19500,678,112,122,1,0,0,0
1922,1,1,2,9000,241,31,40,1,0,0,0
875,1,1,1,82460,154,-17,-16,1,0,0,0
2322,2,1,1,27420,400,-4,-11,1,700,700,0
938,1,1,2,25510,60,-75,-60,1,0,0,0
2564,2,1,1,17200,262,47,14,1,0,0,0
346,2,1,1,311200,1147,-38,-62,1,14400,9000,0
2161,2,1,1,35540,487,31,3,1,0,0,0
2558,2,1,2,8560,210,-18,2,1,0,0,0
2421,2,2,2,12520,184,0,-26,1,0,0,0
385,2,1,1,91420,774,-61,-49,1,12700,9000,1
2405,1,2,1,29160,435,-2,-1,1,0,0,0
1754,1,1,2,5600,344,-44,-1,1,0,0,0
243,1,1,1,1310730,1504,13,9,1,4200,4000,0
2452,1,1,1,26660,486,-1,12,1,0,0,0
936,1,2,2,175660,251,76,72,1,0,0,0
2224,2,2,1,49420,819,-2,12,1,0,0,0
312,1,1,2,72780,269,-48,-52,1,3000,3000,0
1459,1,2,1,9670,277,-48,-56,1,0,0,0
2522,2,1,1,36410,646,152,142,1,0,0,1
2187,1,3,2,24620,490,222,106,3,400,400,0
1332,1,2,1,19340,218,18,-19,1,3000,3000,0
968,1,2,2,11400,50,14,0,2,0,0,0
1454,1,2,1,17610,228,5,-13,1,0,0,0
660,1,1,1,31900,643,-28,-24,1,1100,700,0
935,1,2,2,147400,189,55,33,1,700,700,0
370,1,1,2,4230,48,-92,-85,1,0,0,0
566,2,1,1,96070,537,3,19,1,49200,40000,0
1024,1,1,2,1950,19,-26,-52,1,0,0,0
824,1,2,1,239660,501,60,3,1,8000,8000,0
982,1,1,2,8280,30,-27,-25,1,0,0,0
2089,1,1,2,10250,177,-18,-29,1,0,0,0
1929,1,1,2,13640,210,123,33,1,0,0,0
2226,2,2,1,27900,598,-45,-18,1,300,300,0
2091,1,1,2,11330,246,-9,-2,1,0,0,0
813,1,1,2,720,2,-62,-95,1,0,0,0
1430,1,1,2,8510,104,22,-38,1,0,0,0
778,1,2,1,19170,158,-44,-46,1,4500,4000,0
1320,1,2,1,8690,251,-34,-23,2,0,0,0
1627,2,1,1,35300,816,-9,-24,1,0,0,0
2475,2,1,1,9050,436,-10,1,1,0,0,0
1052,1,1,2,1190,9,-45,-78,1,0,0,0
1942,1,1,2,2960,108,-76,-57,1,0,0,0
1013,1,1,2,3840,13,60,-68,1,0,0,0
1401,1,2,1,17050,476,-9,-5,1,0,0,0
1830,1,2,1,32830,1134,17,75,2,0,0,0
2148,1,1,1,28140,443,-6,-14,1,0,0,0
1878,1,1,1,18160,378,-43,-41,1,0,0,0
126,1,1,2,76150,260,-52,-50,1,4000,4000,0
887,1,1,1,105160,284,34,66,1,6000,6000,0
2116,1,1,2,10720,271,-5,11,1,300,300,0
1347,1,2,1,16540,213,2,-11,1,0,0,0
1007,1,1,2,920,9,-71,-78,1,0,0,0
355,2,1,1,358490,1231,-36,-58,1,400,400,0
1003,1,1,2,5020,32,77,-20,1,0,0,0
1483,1,1,2,11800,185,63,14,1,0,0,0
682,1,2,1,111950,997,-8,-13,1,4400,3000,0
827,1,2,1,197620,406,19,-16,1,0,0,0
1624,2,1,1,49660,747,48,36,1,0,0,0
984,1,1,2,3410,16,-66,-60,1,0,0,0
1233,2,1,1,28610,330,12,-15,1,6900,6000,0
2373,1,1,1,9160,300,-72,-28,1,0,0,0
140,1,1,1,316200,1089,-37,-21,1,2700,1000,0
217,1,1,1,918020,1759,-36,-34,1,5000,3000,0
2123,1,1,1,30000,631,-9,17,1,8300,8000,0
2354,2,1,1,34570,446,7,2,1,3300,3000,0
2297,2,2,1,40620,398,56,-18,1,0,0,1
2142,1,1,1,17370,379,-42,-26,1,0,0,0
2053,1,1,1,23160,393,-34,-28,1,0,0,0
22,1,1,2,10640,62,-68,-43,1,0,0,0
711,2,1,2,12150,118,-52,-36,1,3000,3000,0
1157,1,2,1,15190,367,-39,-18,1,0,0,0
1572,2,2,1,31240,836,-7,-9,2,2000,2000,0
871,1,1,1,82480,172,-34,-21,1,1000,1000,0
1564,2,2,1,19790,825,-32,6,2,400,400,0
10,1,1,2,41950,135,-39,-36,1,5000,5000,0
1865,1,2,2,10320,172,4,-51,1,0,0,0
2438,1,1,2,4400,67,-64,-71,1,0,0,0
1815,1,2,1,40900,776,43,57,1,400,400,0
1315,1,2,1,12370,346,2,15,2,0,0,0
754,1,1,1,23400,140,-20,-24,1,2000,800,0
626,1,2,2,4520,50,-82,-80,1,0,0,0
1850,2,2,2,11330,204,9,-46,2,0,0,0
1567,2,2,1,9730,488,-71,-47,2,0,0,0
129,1,1,1,620720,1789,17,23,1,0,0,0
843,1,2,1,121520,247,-25,-26,1,400,400,0
323,2,1,1,394660,1764,-2,8,1,35900,30000,1
1813,2,2,1,34820,550,16,6,1,0,0,0
1550,2,2,1,91210,2362,267,255,1,0,0,0
1284,1,1,1,17710,191,-22,-52,1,0,0,0
2504,1,1,1,27320,414,220,79,1,200,200,0
14,1,1,2,75670,207,18,4,1,600,600,0
947,1,1,2,12760,26,-9,-35,1,0,0,0
215,1,1,1,2196220,3848,62,51,1,8500,4000,0
1742,2,1,2,11080,343,33,104,1,0,0,0
2541,2,1,2,11190,245,10,31,1,0,0,0
1182,1,2,2,6550,163,-33,-29,1,0,0,0
1769,2,1,2,7510,141,-15,-24,1,0,0,0
1674,1,2,1,35910,636,8,19,1,0,0,0
864,1,1,1,154470,263,-21,-24,1,8400,6000,0
516,1,1,1,28500,337,-26,-22,1,400,400,0
1545,2,2,1,50130,1613,125,172,1,1100,600,0
597,2,1,1,47010,375,57,63,1,204400,200000,0
195,1,1,1,474770,1512,-32,-14,1,0,0,0
1277,1,1,1,14140,200,-39,-50,1,0,0,0
288,2,1,2,131820,583,-47,-42,1,1000,1000,0
950,1,1,2,9070,28,1,-30,1,0,0,0
2432,1,1,2,12200,580,105,310,2,0,0,0
1954,1,1,1,42140,525,187,72,1,5000,5000,0
2463,2,1,1,15650,664,45,42,1,800,800,0
1120,2,1,1,63560,317,198,-33,1,0,0,0
2223,2,2,1,40670,608,-19,-17,1,200,200,0
549,1,1,1,23040,318,-39,-28,1,1300,1000,0
156,1,1,2,119460,269,-70,-64,1,0,0,0
419,2,2,1,44020,528,61,92,1,25100,20000,0
922,1,1,2,30130,82,65,57,1,500,200,0
2410,2,2,1,25760,410,-11,-7,1,200,200,0
477,1,1,1,40420,269,-42,-31,1,0,0,0
1723,2,2,1,58460,540,73,1,1,3900,3000,1
1767,2,1,2,5520,171,-38,-8,1,0,0,0
1523,2,2,1,22450,568,47,29,2,0,0,0
1471,1,1,1,17050,404,-2,-30,1,700,700,0
553,1,2,1,28520,483,-19,5,2,1700,700,1
1202,2,2,1,26880,317,6,-22,1,0,0,0
390,2,2,1,176830,1297,54,56,1,36200,30000,0
578,1,1,1,40850,340,-16,18,1,400,200,0
2394,1,2,1,25480,429,-14,2,1,0,0,0
1761,1,1,2,7290,185,-20,0,1,0,0,1
2346,2,1,1,17170,356,-46,-19,1,500,500,0
820,1,1,1,5240,18,-96,-96,1,600,600,0
2473,2,1,1,9940,142,-56,-62,1,0,0,0
1006,1,1,2,1480,7,-54,-82,1,0,0,0
1248,1,1,2,7120,227,-23,2,1,0,0,0
1817,1,2,1,69240,857,142,73,1,0,0,0
664,1,2,1,122820,1191,-39,-40,1,3000,3000,0
2293,1,2,2,39280,726,214,190,1,0,0,0
142,1,1,2,46300,197,-69,-63,1,5000,5000,0
2532,2,1,2,2580,115,-77,-49,1,0,0,0
2386,1,2,1,44500,660,49,59,1,1100,700,0
421,2,2,1,29410,345,-6,7,1,114400,70000,1
799,1,1,1,26130,260,-15,-21,1,7700,3000,0
2051,1,1,1,49480,579,42,6,1,0,0,0
615,2,1,1,26670,444,-17,39,1,0,0,0
1318,1,2,1,6360,274,-51,-16,2,0,0,0
295,1,1,1,447360,1332,-37,-33,1,8400,8000,1
401,2,1,1,47980,382,-26,-32,1,38600,30000,0
88,1,1,1,194580,697,-35,-32,1,0,0,0
2119,1,1,2,8320,213,9,-10,1,0,0,0
2543,1,1,2,9840,217,-6,6,1,10000,10000,0
131,1,1,2,280830,689,94,39,1,3000,3000,0
1710,1,2,1,39850,714,13,-32,1,300,300,0
1675,1,2,1,40610,672,22,25,1,0,0,0
2369,1,1,1,24360,351,-25,-16,1,1300,900,0
1402,1,2,1,10220,434,-45,-14,1,0,0,0
2127,1,1,1,38530,952,21,81,1,0,0,0
2245,2,1,1,60730,797,110,1,1,3600,3000,0
1188,1,2,1,16980,451,-30,-38,1,0,0,0
724,2,1,1,197590,2804,20,44,1,4700,800,0
1314,1,2,1,16640,407,38,35,2,0,0,0
2152,1,1,1,39900,573,45,19,1,40000,40000,0
269,2,1,1,779850,2999,35,38,1,5600,5000,0
2261,2,1,1,78580,1327,147,60,1,40000,40000,0
2147,1,1,1,15080,351,-50,-32,1,0,0,0
1372,1,2,1,31800,769,295,313,2,0,0,1
2246,2,1,1,70450,1244,145,58,1,0,0,0
917,1,1,2,41340,89,42,12,1,0,0,0
1728,2,1,2,12650,214,52,27,1,0,0,0
1319,1,2,1,7600,246,-42,-25,2,0,0,0
2216,2,3,1,111380,952,146,37,2,400,400,0
2007,2,2,1,32500,566,21,24,1,0,0,0
587,1,1,1,21240,138,-50,-52,1,700,700,0
1708,1,2,1,20610,670,-41,-36,1,0,0,0
2574,2,1,1,27740,443,81,41,1,0,0,0
375,1,1,2,8790,53,-91,-91,1,3000,3000,0
333,1,1,2,42560,379,-73,-57,1,4000,4000,0
1918,1,1,1,19580,439,-44,-24,1,0,0,0
2430,1,1,2,13880,248,9,2,1,0,0,0
1604,1,1,2,9150,257,-11,-26,1,0,0,0
1118,2,1,1,26170,388,23,-19,1,0,0,0
1690,1,2,1,43270,673,29,28,1,0,0,1
1442,1,2,1,6340,102,-62,-60,1,0,0,0
1662,1,1,1,31590,377,175,74,1,0,0,0
910,2,2,2,19370,63,-49,-20,2,0,0,0
776,1,2,1,61110,439,86,62,1,1600,600,0
1868,1,2,2,8690,92,-12,-74,1,4000,4000,0
328,2,2,1,289580,1986,-38,2,1,54000,50000,0
2174,2,2,1,74380,895,153,80,1,0,0,0
1342,1,2,1,11090,639,54,249,1,0,0,0
320,2,1,1,579440,2343,38,41,1,3000,3000,0
1619,2,1,1,59410,1552,59,48,1,900,600,0
2107,1,1,2,8440,261,-30,6,1,0,0,0
12,1,1,1,166180,448,-30,-19,1,400,400,0
897,1,2,2,48440,76,86,11,1,0,0,0
171,1,2,1,698810,1279,-11,-14,1,8000,4000,0
260,2,1,1,1104700,2584,3,33,1,0,0,0
1997,2,2,1,62860,596,154,31,2,1300,500,0
689,1,2,1,156780,1301,10,6,1,4700,3000,0
901,1,2,2,34050,68,38,13,1,0,0,0
258,2,2,1,588930,1807,-50,-2,1,4000,4000,1
844,1,2,2,22270,53,-23,-3,1,4000,4000,0
2383,1,2,1,19810,364,-34,-12,1,0,0,0
138,1,1,1,368340,1325,-28,-4,1,2000,2000,0
1573,2,2,1,28930,948,-13,3,2,0,0,0
319,2,1,1,329680,1268,-24,-26,1,70000,70000,0
653,2,1,1,55890,1204,-3,34,1,149000,80000,0
2031,1,1,1,37480,660,25,35,1,0,0,0
1943,1,1,2,7020,98,-44,-61,1,0,0,0
558,2,2,1,109110,417,6,-54,1,1300,800,0
139,1,1,2,114540,488,-23,0,1,8000,5000,0
112,1,2,2,49910,208,61,61,1,3000,3000,0
531,1,2,1,42930,341,54,-11,1,6200,3000,0
224,1,1,1,1367850,3137,-15,5,1,1000,1000,0
723,2,1,1,185910,2451,8,24,1,11300,4000,0
2401,1,2,1,34350,462,15,5,1,0,0,1
2546,1,1,1,25650,553,96,115,1,0,0,0
1433,1,1,2,5840,102,-17,-39,1,0,0,0
325,2,2,1,393140,1685,-2,2,1,5200,4000,0
2378,1,1,1,53590,527,68,24,1,900,900,0
1323,1,2,1,38880,689,197,110,2,2000,2000,0
2084,1,1,2,10690,297,-14,19,1,0,0,0
1458,1,2,2,11730,336,34,13,1,0,0,0
2447,1,1,2,1620,55,-85,-72,1,0,0,1
2328,2,1,1,19180,289,-36,-35,1,0,0,0
714,2,1,1,162190,1702,-7,0,1,0,0,0
846,1,2,1,180530,324,7,3,1,0,0,0
193,1,1,1,320150,1012,-58,-42,1,5000,3000,0
1464,1,2,1,5930,120,-65,-54,1,0,0,0
573,1,1,1,63950,297,11,-6,1,0,0,0
946,1,1,2,8960,28,-71,-51,1,0,0,0
503,2,1,1,45330,485,-4,25,1,402000,400000,0
1629,2,1,1,26460,554,-21,1,1,1000,1000,0
1936,1,1,2,9680,139,14,-48,1,700,700,0
1924,1,1,2,6660,274,-29,-15,1,0,0,0
645,1,2,1,59240,941,5,29,1,5200,3000,0
3,1,1,2,28820,171,-23,40,1,3000,3000,0
2138,1,1,1,16320,297,-45,-41,1,0,0,0
467,1,2,1,73180,488,11,20,1,9600,6000,0
1345,1,2,1,26740,583,83,60,2,1400,800,0
5,1,1,1,63760,195,-73,-65,1,0,0,0
1246,1,1,2,8100,300,-12,35,1,0,0,0
919,1,1,2,9490,26,-60,-61,1,0,0,0
547,1,1,1,24970,325,-35,-26,1,4000,3000,0
228,1,1,2,144520,407,-34,-27,1,3000,3000,0
1063,1,1,2,3110,23,6,-42,1,0,0,0
542,1,1,2,1650,21,-79,-69,1,0,0,0
242,1,1,1,1661100,1772,52,32,1,9000,9000,0
898,1,2,2,26470,37,-8,-47,1,900,600,0
1879,1,1,1,17860,321,-44,-50,1,400,400,0
1160,1,2,1,45560,591,79,33,1,0,0,0
1964,2,1,1,19660,644,-16,36,1,0,0,0
2560,2,1,2,7220,218,-29,16,1,0,0,0
2167,2,1,1,34740,563,18,13,1,0,0,0
1808,2,2,1,48020,688,61,33,1,0,0,0
1938,1,1,2,2440,104,-71,-61,1,0,0,0
842,1,1,1,178220,371,13,7,1,800,400,0
1373,1,2,1,16940,455,-1,6,1,30000,30000,0
2184,1,3,2,25050,678,227,186,3,0,0,0
1911,1,1,2,10040,300,7,-7,1,0,0,0
1526,2,2,1,44010,961,167,109,2,500,500,0
1605,1,1,2,7240,295,-29,-14,1,0,0,0
276,2,2,1,286300,1381,-49,-41,1,0,0,0
661,1,1,1,23920,359,-45,-57,1,5000,5000,0
1956,1,1,1,31810,514,27,3,1,100,100,0
2193,1,3,1,60300,575,52,-7,3,0,0,0
2439,1,1,2,1910,46,-84,-80,1,0,0,0
1992,2,2,1,14460,271,-42,-40,2,0,0,0
314,1,1,2,342050,1607,-2,-20,1,0,0,0
1466,1,2,1,30740,318,83,22,1,900,900,0
1343,1,2,1,15740,278,8,-24,2,3000,3000,0
1979,2,1,1,47840,594,106,27,1,0,0,0
691,1,1,1,107100,1003,-28,-21,1,1600,600,1
1541,2,2,1,48130,1330,163,163,2,0,0,0
612,1,2,1,31390,376,-7,18,1,6000,4000,1
424,2,2,1,39330,409,6,10,1,8200,6000,1
1577,2,2,1,23600,704,-31,-26,2,0,0,0
594,2,1,1,39660,325,42,54,1,34000,30000,0
2559,2,1,2,8470,203,-17,8,1,0,0,0
1392,2,2,2,11040,316,191,181,1,0,0,0
622,1,1,1,25650,157,2,-42,1,16900,8000,0
1933,1,1,2,2270,78,-82,-69,1,0,0,0
1493,1,1,1,13540,437,-20,-21,1,0,0,0
1743,2,1,2,16380,736,63,112,1,0,0,0
227,1,1,2,129740,306,-39,-44,1,0,0,0
1855,2,2,2,6660,153,-35,-58,2,0,0,0
1169,1,2,2,4500,207,-58,-14,1,0,0,0
108,1,1,1,274170,997,15,34,1,0,0,0
1934,1,1,2,6130,111,-28,-59,1,0,0,0
66,1,1,1,202640,588,-33,-41,1,4300,4000,0
1417,1,2,2,6010,329,-36,5,1,0,0,0
2334,2,1,1,16450,378,-48,-16,1,0,0,0
24,1,1,1,424650,1069,1,7,1,6000,4000,0
1235,2,1,1,15600,274,-39,-30,1,0,0,0
2144,1,1,1,74470,655,148,28,1,0,0,0
144,1,1,2,47830,264,-65,-47,1,3000,3000,0
536,2,1,1,44600,591,64,75,1,2000,2000,0
811,1,1,2,340,6,-87,-85,1,0,0,0
1859,2,2,2,2970,142,-71,-61,2,0,0,0
1497,2,1,1,33640,699,150,81,1,0,0,0
85,1,1,1,233810,839,-31,-24,1,0,0,0
1254,1,1,2,5780,163,-36,-25,1,0,0,0
2342,2,1,1,41060,555,30,27,1,0,0,0
2120,1,1,2,7160,228,-6,-4,1,0,0,0
1951,1,1,1,14580,308,-42,-38,1,0,0,0
1788,2,1,1,18470,505,-38,2,1,0,0,0
484,1,1,1,37270,293,-31,-23,1,6200,4000,0
1654,2,2,1,82030,349,681,57,2,1300,600,0
2305,1,2,1,58570,481,110,0,1,400,400,0
2468,2,1,1,32310,465,31,16,1,0,0,0
738,1,1,1,93120,1238,-32,-38,1,2000,2000,0
1896,1,1,2,29310,445,214,38,1,0,0,0
2413,2,2,2,10030,244,-20,-2,1,0,0,0
2545,1,1,1,41970,592,220,130,1,0,0,0
1867,1,2,2,2410,109,-76,-69,1,0,0,0
362,1,2,1,511560,2205,-9,-10,1,9700,5000,0
749,1,1,1,33660,248,9,28,1,11100,8000,0
1908,1,1,1,36860,681,0,12,1,3000,3000,0
1646,2,2,2,38060,486,357,189,2,0,0,0
1026,1,1,2,3530,27,30,-32,1,0,0,0
1030,1,1,2,2740,17,0,-58,1,0,0,0
2003,2,2,1,28360,781,7,68,2,0,0,0
1335,1,2,1,28920,659,114,96,2,0,0,0
2134,1,1,1,25680,515,-14,2,1,0,0,0
1790,2,1,1,26300,520,-9,6,1,7000,7000,0
665,1,2,1,132520,1174,-31,-39,1,200,200,0
364,2,1,2,155980,742,65,24,1,20000,20000,0
2519,2,1,2,6940,186,-39,-17,1,2000,2000,0
1239,1,1,2,12240,452,33,104,1,0,0,0
77,1,1,2,24900,159,-57,-29,1,0,0,0
27,1,1,1,212260,729,-50,-28,1,1400,1000,0
473,2,2,1,81600,628,-1,75,1,44000,40000,0
525,1,1,1,26550,330,-17,-23,1,1700,1000,0
725,1,1,2,26780,345,18,94,1,0,0,0
55,1,1,2,18330,91,-57,-43,1,4000,4000,0
638,1,1,1,90330,913,98,75,1,14100,7000,0
302,2,1,1,645750,2035,7,6,1,63800,40000,0
718,2,1,1,132470,1552,-28,-16,1,54800,50000,0
2250,2,1,1,39100,868,36,10,1,30000,30000,0
2289,1,2,1,52020,576,108,15,1,100,100,0
624,1,1,1,45350,469,14,21,1,6400,3000,0
7,1,1,2,48990,194,-27,-3,1,4000,4000,0
1280,1,1,1,8450,121,-63,-70,1,0,0,0
803,2,2,1,18580,121,-31,-59,1,1200,800,0
1049,1,1,2,1340,21,-42,-48,1,0,0,0
336,2,1,1,332180,1890,-33,-16,1,1000,1000,1
1596,1,2,2,12290,471,30,49,1,500,500,0
47,1,2,2,64200,198,86,35,1,500,500,0
2230,2,2,1,7770,300,-57,-33,1,20000,20000,0
106,1,1,2,12970,53,-65,-64,1,0,0,0
349,2,1,1,379670,1456,-21,-45,1,40000,20000,0
1079,1,1,2,560,7,-84,-82,1,0,0,0
238,1,2,1,1061760,1443,-3,0,1,3000,3000,1
213,1,1,1,1260100,2519,-12,-5,1,600,600,0
1144,1,2,1,12900,201,-50,-59,1,0,0,0
2239,2,1,1,29560,1067,2,35,1,0,0,0
1960,2,1,1,16750,398,19,35,1,0,0,0
793,1,1,2,4760,94,-23,37,1,0,0,0
1096,1,2,2,4030,127,-13,48,2,0,0,0
1753,1,1,2,15040,458,50,32,1,400,400,0
2020,2,2,1,87060,1043,212,122,1,2800,2000,0
1864,1,2,2,4890,162,97,88,1,0,0,0
2362,2,1,1,54980,544,66,24,1,1400,1000,0
345,2,1,1,430310,1955,92,37,1,1200,1000,0
523,1,2,1,20160,262,-40,-39,1,1600,800,0
232,1,1,1,628360,636,-37,-58,1,2300,2000,0
644,1,2,1,93510,1375,86,120,2,5700,5000,0
1536,2,2,1,22820,833,25,65,2,0,0,0
2248,2,1,1,56900,761,98,-4,1,2700,2000,0
1428,1,1,2,3320,98,-52,-44,1,0,0,0
533,2,2,1,45470,573,64,65,1,33600,20000,0
2249,2,1,1,59360,1033,107,31,1,2400,2000,1
603,1,1,1,34150,346,17,38,1,6300,6000,0
1489,1,1,1,10050,342,-41,-39,1,0,0,0
1991,2,2,1,17290,278,-30,-39,2,4000,4000,0
1812,2,2,1,25130,455,-13,-42,1,1000,1000,0
1426,1,1,2,5480,223,-21,27,1,0,0,0
1074,1,1,2,6150,25,97,-38,1,0,0,0
2117,1,1,2,7660,221,-32,-9,1,0,0,0
60,1,1,2,44180,203,-10,13,1,0,0,0
671,1,1,1,118860,1122,4,2,1,0,0,0
92,1,1,2,104390,331,91,29,1,0,0,0
666,1,2,2,25710,258,-74,-74,1,7000,7000,0
1842,2,2,1,23050,428,-19,-32,2,0,0,0
2326,2,1,1,21510,334,-28,-25,1,0,0,0
280,2,2,1,571990,1608,0,-18,1,44000,30000,0
1719,2,2,2,19200,418,131,149,1,0,0,0
1847,2,2,2,13010,322,26,-15,2,0,0,0
359,2,2,2,66800,441,-34,-31,1,0,0,0
2314,1,1,1,37580,574,33,23,1,0,0,0
1543,2,2,1,32180,934,44,57,1,400,400,0
1397,2,2,1,33400,749,81,52,1,0,0,0
2177,2,2,1,134070,1283,357,159,2,0,0,0
847,1,2,2,24750,62,-1,28,1,2000,2000,0
1206,2,1,1,49510,521,89,27,1,0,0,1
2279,2,2,2,2580,94,-79,-62,1,0,0,0
760,1,2,1,10130,133,-67,-32,1,2000,2000,0
110,1,2,1,226790,717,2,0,1,0,0,0
1775,2,1,2,3610,107,-65,-72,1,0,0,0
42,1,1,2,20150,64,-51,-62,1,5000,5000,0
1770,2,1,2,4340,129,-51,-31,1,0,0,0
125,1,1,2,160350,828,-31,23,1,0,0,0
204,2,2,1,1547010,3060,55,38,1,6500,4000,0
1473,1,1,1,26800,657,54,13,1,0,0,0
52,1,2,2,51620,186,51,34,1,7000,7000,0
1797,2,1,2,35440,930,304,384,2,0,0,0
545,1,1,1,54830,694,46,68,1,4000,1000,0
68,1,1,2,40210,193,-71,-59,1,5000,5000,0
1883,1,1,1,32430,527,1,-18,1,0,0,0
2069,2,1,1,20660,335,-42,-39,1,200,200,0
2276,2,2,2,13040,103,4,-59,1,3000,3000,0
2044,1,1,1,21040,402,-38,-25,1,300,300,0
1424,1,1,2,5030,125,-28,-29,1,0,0,0
183,1,1,1,446210,1030,-40,-32,1,0,0,0
137,1,1,1,314100,904,-41,-37,1,0,0,0
899,1,2,2,3430,18,-88,-74,1,0,0,0
796,1,1,1,12610,157,-61,-52,1,2000,2000,0
132,1,1,1,557230,1642,2,11,1,0,0,0
80,1,2,1,436650,1232,23,6,1,0,0,0
1586,1,2,2,17670,255,130,56,1,0,0,0
2507,1,1,1,23580,462,34,46,1,6000,6000,0
758,1,2,1,53860,346,96,96,1,13700,9000,0
541,1,1,2,2020,18,-76,-76,1,400,400,0
1019,1,1,2,2340,19,0,-52,1,0,0,0
1891,1,1,1,90240,1080,177,77,1,0,0,0
983,1,1,2,3610,16,-69,-60,1,0,0,0
2310,1,1,1,18590,320,-34,-31,1,0,0,1
165,1,2,1,640820,1235,-25,-23,1,5000,5000,0
248,1,2,2,348780,723,-23,4,1,300,300,0
1331,1,2,1,24840,609,92,87,2,0,0,0
446,2,2,1,93190,439,82,-53,1,81400,70000,0
1902,1,1,2,14170,381,52,18,1,0,0,0
858,1,2,2,19120,36,-24,-20,1,0,0,0
1358,1,2,1,41740,966,164,143,1,0,0,0
1995,2,2,1,19120,389,-23,-14,2,0,0,0
1873,1,2,1,22820,311,-25,-51,1,0,0,0
97,1,1,2,39040,231,-26,-5,1,5000,5000,0
1921,1,1,2,9280,294,35,71,1,0,0,0
805,1,2,2,6340,18,10,-70,1,9300,9000,0
737,1,1,1,172530,2873,18,44,1,2300,1000,0
2508,1,1,1,8670,216,-51,-32,1,0,0,0
2021,2,2,1,43420,623,56,33,1,500,400,0
2102,1,1,2,8810,262,-27,6,1,0,0,0
102,1,1,2,41120,132,-21,-43,1,0,0,0
434,2,1,1,73420,1202,53,96,1,30200,20000,0
74,1,1,1,227990,734,-52,-59,1,4300,4000,0
577,1,1,1,34980,296,-29,5,1,0,0,0
1980,2,1,1,18690,401,-20,-15,1,700,700,0
2057,2,1,1,44330,485,27,-10,1,0,0,0
1230,2,1,2,17620,557,91,151,1,300,300,0
918,1,1,2,18410,30,-33,-61,1,0,0,0
1326,1,2,1,17590,500,36,53,2,0,0,0
2397,1,2,1,20580,436,-30,4,1,0,0,0
2367,1,1,1,27780,386,-15,-8,1,5000,5000,0
2325,2,1,2,27200,402,118,61,1,0,0,0
1848,2,2,2,10600,268,2,-29,2,0,0,0
762,1,2,1,42470,326,26,42,1,1200,700,0
2192,1,3,1,71540,608,80,-1,3,4000,2000,0
989,1,1,2,5170,19,-27,-52,1,0,0,0
388,2,1,1,76560,586,-47,-41,1,9500,4000,0
235,1,2,2,195510,321,-61,-57,1,6000,6000,0
2247,2,1,1,34140,792,19,0,1,500,500,0
267,2,1,1,448900,2162,-29,-1,1,31500,20000,0
1329,1,2,1,26350,569,104,75,2,0,0,0
1914,1,1,2,12170,226,30,-30,1,0,0,0
1957,1,1,1,44190,696,201,129,1,2000,2000,0
117,1,1,1,325750,1068,50,67,1,3000,3000,0
437,1,1,2,4630,89,-56,-42,1,50,50,1
673,1,1,1,95050,860,-16,-22,1,5000,3000,0
249,1,2,2,154420,319,-46,-43,1,3000,3000,0
2206,1,3,1,22210,658,-48,0,2,0,0,0
1574,2,2,2,25390,861,176,182,2,0,0,0
2580,2,1,1,42110,555,213,118,1,0,0,0
94,1,1,2,26510,106,-55,-60,1,0,0,0
2033,1,1,1,59640,722,98,47,1,600,400,0
33,1,1,1,477750,1132,86,60,1,1500,600,0
2257,2,1,1,77040,772,143,-7,1,2000,2000,0
2212,1,3,1,81430,886,90,34,2,0,0,0
2365,2,1,1,19160,376,-42,-14,1,0,0,0
448,2,2,1,73820,322,-16,-14,1,52700,30000,0
1469,1,2,1,17000,336,1,28,1,0,0,0
1795,2,1,1,53700,573,87,16,1,0,0,0
716,2,1,1,229070,2597,30,51,1,100000,80000,0
2063,2,1,2,11210,323,-10,29,1,0,0,0
2254,2,1,1,23710,481,-25,-42,1,0,0,0
0,1,1,2,15180,48,-72,-72,1,0,0,0
1901,1,1,1,36680,513,47,3,1,0,0,0
456,1,1,1,43660,281,-44,-29,1,700,700,0
1101,1,2,2,7560,133,-34,-47,1,4000,4000,0
1108,1,1,1,17540,252,-23,-48,1,0,0,0
2017,2,2,1,27040,347,-3,-26,1,200,200,0
82,1,2,2,36380,222,-32,-2,1,4000,4000,0
1481,1,1,2,9920,221,37,36,1,0,0,0
2087,1,1,2,9010,255,-28,2,1,0,0,0
676,1,1,2,29290,235,-20,24,1,500,500,0
1588,1,2,2,11240,554,22,82,1,0,0,0
2204,1,3,1,54500,757,35,19,3,0,0,0
1046,1,1,2,1490,10,-37,-75,1,0,0,0
1460,1,2,1,14180,348,-24,-44,1,0,0,0
770,1,1,1,24790,236,-31,-17,1,600,600,0
1893,1,1,1,32620,718,0,17,1,0,0,0
1668,1,1,1,40070,501,16,-11,1,0,0,1
1886,1,1,1,36930,534,14,-13,1,0,0,0
2001,2,2,1,45330,648,72,40,2,900,600,1
475,2,1,1,36400,303,-53,-21,1,1400,1000,0
517,1,1,1,31250,430,-16,2,1,4000,2000,1
822,1,1,1,145440,358,-3,-28,1,0,0,0
404,2,2,1,68970,624,71,94,1,34400,20000,1
384,2,1,1,110510,708,-58,-58,1,44200,40000,0
2095,1,1,2,5470,237,-56,-5,1,0,0,0
2151,1,1,1,77740,758,182,57,1,1200,1000,1
104,1,1,2,13160,46,-71,-76,1,0,0,0
1633,2,2,1,29520,779,-28,-32,1,0,0,0
1952,1,1,1,20760,324,41,6,1,400,400,1
2466,2,1,1,7340,166,-53,-54,1,0,0,0
688,1,2,1,148160,1282,1,0,1,1300,900,0
794,1,1,2,3860,77,-38,12,1,0,0,0
826,1,2,2,49410,74,-33,-69,1,6000,3000,0
1877,1,2,1,24360,444,-20,-31,1,0,0,0
1240,1,1,1,16840,318,-28,-17,1,0,0,0
62,1,1,2,31540,121,-32,-30,1,0,0,0
1305,1,1,1,11720,178,-39,-47,1,700,700,0
852,1,2,1,189170,371,9,22,1,1000,1000,0
2375,1,1,1,7000,131,-40,-56,1,1000,1000,0
176,1,1,1,790830,1434,5,-4,1,13000,10000,0
1262,1,1,2,1910,87,-48,-20,1,0,0,0
223,1,2,1,2160800,4518,35,57,1,5100,2000,0
145,1,1,1,396530,1209,-10,-13,1,6000,6000,0
1088,1,1,2,1650,46,-37,15,1,0,0,0
373,1,1,2,3170,36,-88,-79,1,0,0,0
1824,1,2,1,17300,367,-40,-27,1,0,0,0
2186,1,3,2,24740,530,223,123,3,7000,7000,0
1142,1,2,1,16000,313,-38,-36,1,0,0,0
2474,2,1,1,11550,152,-49,-60,1,100,100,0
2241,2,1,1,28900,692,0,-13,1,0,0,0
1274,1,1,1,2880,92,-74,-67,1,2000,2000,0
1265,1,1,2,2940,65,-20,-40,1,0,0,0
2312,1,1,1,61200,625,116,34,1,0,0,0
2547,1,1,1,20750,329,88,42,1,700,700,0
9,1,1,1,247620,675,4,25,1,500,500,0
449,2,2,1,102380,508,19,37,1,13400,8000,0
1944,1,1,2,6130,129,-27,-50,1,0,0,0
1838,2,2,1,21220,540,-26,-14,2,0,0,1
708,1,1,2,38450,343,26,85,1,1000,1000,0
255,2,2,1,814170,2082,-39,27,2,1700,1000,0
882,1,1,1,125340,292,35,62,1,0,0,0
1617,2,1,1,59250,1452,59,39,1,500,500,0
389,1,1,1,122640,979,10,21,1,9200,6000,1
1276,1,1,1,15120,166,-35,-58,1,3000,3000,0
2477,2,1,1,18980,247,-16,-34,1,0,0,0
1581,2,2,1,63800,2116,88,121,2,0,0,0
908,1,2,2,52000,134,44,97,1,0,0,1
924,1,1,2,16480,44,-14,-20,1,0,0,0
751,1,1,2,5990,53,-42,-64,1,0,0,0
2025,2,2,1,34620,661,18,36,1,0,0,0
460,1,1,1,86740,486,17,25,1,9000,7000,0
1747,2,1,1,21660,433,-30,-14,1,0,0,0
2067,2,1,1,18920,330,-46,-40,1,200,200,0
1224,2,1,2,7170,278,-23,-7,1,0,0,0
1168,1,2,2,11140,295,4,22,1,0,0,0
958,1,2,2,8110,29,-33,-28,1,0,0,0
501,1,1,2,3510,27,-22,-35,1,0,0,0
1946,1,1,1,5710,195,-77,-61,1,0,0,0
1727,2,1,2,15840,275,90,64,1,4000,4000,0
739,1,1,1,27830,190,-79,-90,1,19000,8000,0
40,1,1,2,16630,81,-65,-59,1,0,0,0
868,1,1,2,39890,66,69,39,1,400,400,0
731,1,1,2,4610,78,-68,-55,1,0,0,0
539,1,1,2,4190,43,-58,-49,1,0,0,0
1201,2,2,1,41300,336,64,-17,1,4000,4000,0
1339,1,2,1,8260,343,-39,2,2,0,0,0
697,2,2,1,92760,967,-42,-31,2,65800,60000,0
1671,1,2,1,37520,843,13,57,1,0,0,0
2164,2,1,1,45910,656,69,39,1,0,0,0
2153,1,1,1,31220,530,13,10,1,0,0,0
1371,1,2,1,22640,691,32,60,1,400,300,0
1145,1,2,1,27590,314,6,-35,1,0,0,0
1031,1,1,2,750,15,-73,-62,1,0,0,0
372,1,1,2,3550,38,-89,-82,1,0,0,0
667,1,1,2,17700,174,-81,-81,1,2000,2000,0
1431,1,1,2,7410,133,6,-20,1,0,0,0
2262,2,2,1,68690,1038,37,-17,2,0,0,0
357,2,1,1,545470,1894,-1,-29,1,53600,30000,0
967,1,2,2,20020,49,88,22,2,0,0,0
783,1,2,1,29470,347,-14,22,2,0,0,0
735,2,1,1,71650,1173,-53,-40,1,7000,7000,0
1353,1,2,1,25080,244,62,12,1,9500,9000,0
1035,1,1,2,3300,15,24,-62,1,0,0,0
970,1,2,2,5250,66,-49,36,1,0,0,0
1976,2,1,1,19640,302,-16,-36,1,0,0,0
470,1,2,2,3410,33,-62,-32,1,0,0,0
1396,2,2,1,13770,254,-14,9,1,0,0,0
2260,2,1,1,99010,1360,82,62,1,4200,2000,1
1549,2,2,1,90960,2039,308,243,2,32000,30000,0
1256,1,1,2,7340,213,-19,-28,1,0,0,0
1555,2,2,1,45680,1276,84,92,1,500,500,0
2233,2,2,1,25430,634,-11,-17,1,0,0,0
1250,1,1,2,5280,232,-43,5,1,0,0,0
1699,2,2,1,37610,1004,11,0,1,0,0,0
1252,1,1,2,6170,187,-33,-16,1,0,0,0
2400,1,2,2,13200,505,6,102,1,9000,9000,0
79,1,1,2,46160,250,-16,15,1,6000,6000,0
1172,1,2,2,11550,204,8,-16,1,600,600,0
814,1,1,2,950,4,-40,-90,1,0,0,0
1852,2,2,2,8620,172,-17,-55,2,0,0,0
2265,2,2,2,35370,656,41,5,3,200,200,0
133,1,1,2,65800,259,-58,-49,1,4000,4000,0
1140,1,2,1,24570,327,-4,-35,1,0,0,0
933,1,2,2,27490,55,39,11,1,0,0,0
928,1,2,2,19030,46,20,0,1,9000,9000,0
823,1,2,2,67480,141,-10,-44,1,2800,2000,0
1531,2,2,1,72090,1139,338,147,2,0,0,0
1214,2,1,1,19140,545,-10,-12,1,0,0,0
504,1,2,1,32690,380,-31,-5,1,1100,700,1
2553,1,1,1,28000,572,115,119,1,0,0,1
1996,2,2,1,21400,391,-14,-14,2,300,300,0
1958,2,1,1,28290,527,100,79,1,0,0,0
1384,2,2,1,21770,292,35,28,1,0,0,0
894,1,2,2,14350,36,-47,-47,1,0,0,0
828,1,2,2,68200,137,-5,-38,1,0,0,0
2517,1,1,1,12080,310,-22,10,1,4000,4000,0
1683,1,2,1,65790,822,107,64,1,7000,7000,0
2218,2,3,1,52690,684,16,-2,2,2000,2000,0
2203,1,3,1,38620,719,-4,13,3,500,500,0
2166,2,1,1,71360,827,143,67,1,4700,4000,0
652,2,1,1,51230,944,-10,8,1,5000,3000,1
172,1,2,2,94110,314,-76,-58,1,0,0,0
38,1,1,2,28460,117,-45,-45,1,0,0,0
2467,2,1,1,13390,203,-14,-43,1,0,0,0
713,2,1,1,265250,2852,64,84,1,23000,20000,0
90,1,1,1,194580,697,-35,-32,1,0,0,0
1205,2,2,1,47470,466,88,14,1,0,0,0
2229,2,2,2,16930,792,121,234,1,200,200,1
1827,1,2,1,29800,627,12,-4,1,0,0,0
1155,1,2,1,35720,306,43,-32,1,0,0,0
1324,1,2,1,36230,822,177,151,2,8000,8000,0
216,1,1,1,1138340,2106,-20,-20,1,11000,9000,0
510,1,2,1,37840,468,-57,-47,1,1200,600,0
1680,1,2,1,12000,379,-5,64,2,0,0,0
499,1,2,2,1630,26,-72,-44,1,800,800,0
2136,1,1,1,11860,292,-60,-42,1,0,0,0
1856,2,2,2,9980,145,-3,-60,2,0,0,0
1388,2,2,1,23020,669,27,40,1,0,0,0
1519,2,2,1,41230,487,152,70,1,400,400,0
2347,2,1,1,60710,782,92,79,1,4800,2000,0
2076,2,1,1,32490,595,-7,7,1,0,0,0
1540,2,2,1,75890,1742,315,245,2,1000,1000,0
1217,2,1,1,19910,373,-24,-2,1,5000,5000,0
1416,1,2,2,12260,413,31,32,1,200,200,0
2171,2,1,1,56550,1092,93,120,1,0,0,0
1676,1,2,1,13330,671,-64,-39,1,0,0,0
1197,1,2,2,15640,517,67,72,1,0,0,0
1542,2,2,1,24490,1079,10,82,1,0,0,0
953,1,2,2,10760,28,-1,-30,1,0,0,0
750,1,1,1,21670,132,-31,-34,1,3400,2000,0
234,1,1,1,1531530,1680,52,18,1,5000,3000,0
732,1,1,2,6040,112,-44,-24,1,2400,2000,1
2576,2,1,1,22060,275,64,8,1,0,0,0
1156,1,2,1,22990,395,-8,-12,1,0,0,0
2217,2,3,1,84510,1049,87,51,2,200,200,0
1209,2,1,2,23670,721,153,140,1,300,300,0
1065,1,1,2,3130,25,6,-38,1,0,0,0
1062,1,1,2,1070,10,-64,-75,1,0,0,0
1167,1,2,2,12280,290,14,20,1,0,0,0
1492,1,1,1,29730,472,283,120,1,0,0,0
2132,1,1,1,49440,491,56,-7,1,9300,6000,0
884,1,1,2,39660,86,80,87,1,0,0,0
143,1,1,1,372380,1264,-26,-9,1,0,0,0
2536,2,1,2,6780,112,-33,-40,1,0,0,0
850,1,2,2,26720,53,21,21,2,1000,1000,0
717,2,1,1,167100,1690,-7,-6,1,7000,7000,1
2453,1,1,1,25050,353,-7,-19,1,0,0,0
264,2,1,1,428740,2031,-44,-5,1,4000,4000,0
75,1,1,2,96080,433,60,92,1,0,0,0
395,1,3,2,11350,94,-87,-84,1,0,0,0
2194,1,3,1,43730,832,10,35,3,0,0,0
2417,2,2,1,37950,527,41,22,1,8000,8000,0
396,1,3,2,10490,93,-87,-82,1,3000,3000,0
1365,1,2,1,14570,326,-8,-18,1,0,0,0
2154,1,1,1,46540,729,69,51,1,300,300,1
1903,1,1,2,18790,322,101,0,1,0,0,0
595,2,1,1,19220,149,-34,-33,1,10700,5000,0
2109,1,1,2,15870,312,31,26,1,4000,4000,0
1296,1,1,1,17800,436,58,56,1,0,0,0
1821,1,2,2,17930,347,668,323,3,0,0,0
872,1,1,1,161390,314,49,65,1,0,0,0
1548,2,2,1,61620,1211,176,104,1,0,0,1
36,1,1,1,514800,1369,95,94,1,15700,10000,0
2178,2,2,1,100960,1183,244,138,2,100,100,0
2143,1,1,1,21900,370,-27,-28,1,0,0,0
2201,1,3,1,27950,702,-31,10,3,0,0,0
977,1,1,2,18600,29,60,-42,1,0,0,0
1571,2,2,1,31160,1133,-7,23,2,5000,5000,0
1122,2,1,1,31010,512,45,7,1,0,0,0
1892,1,1,1,104340,1269,221,108,1,0,0,0
675,1,1,1,95020,859,-20,-25,1,600,600,0
728,1,1,2,8760,133,-59,-33,1,600,600,0
412,2,1,1,25940,233,-31,-37,1,15400,7000,0
1516,2,1,1,45070,1016,214,145,1,0,0,0
1649,2,2,1,35290,754,-16,-36,1,0,0,0
825,1,2,1,229690,485,45,0,1,2500,1000,0
616,2,1,1,26860,282,-46,-44,1,5000,3000,0
114,1,2,1,140090,380,-40,-46,1,0,0,0
417,1,1,2,5180,73,-74,-51,1,400,400,0
1625,2,1,1,27810,499,-17,-9,1,0,0,0
2534,2,1,2,4140,111,-59,-41,1,0,0,0
89,1,1,2,63550,325,15,35,1,0,0,0
2082,1,1,2,12560,469,0,88,1,0,0,0
753,1,1,2,3020,19,-66,-85,1,2000,2000,0
1630,2,2,1,16680,586,-59,-49,1,100,100,0
11,1,1,2,53250,140,-19,-31,1,0,0,0
284,2,1,1,932410,2464,47,28,1,36500,30000,1
1066,1,1,2,2890,28,2,-30,1,0,0,0
1191,1,2,1,28210,618,15,47,1,0,0,0
1440,1,2,2,4120,67,-40,-59,1,0,0,0
2419,2,2,2,12480,260,0,4,1,0,0,0
2418,2,2,2,11540,285,-8,14,1,0,0,0
2337,2,1,1,52120,695,66,55,1,2000,2000,0
1568,2,2,1,21060,588,-37,-36,2,0,0,1
2221,2,3,1,45020,936,-1,35,2,1000,1000,0
1687,1,2,1,49930,1525,43,49,1,10200,10000,0
851,1,2,1,211440,403,24,38,1,7300,4000,0
895,1,2,2,32830,85,33,31,1,0,0,0
496,2,2,2,6140,60,-17,23,1,400,400,0
1782,2,1,1,34120,519,14,5,1,400,400,0
335,2,1,1,632800,2959,39,41,1,25000,20000,0
515,1,1,1,44960,643,19,56,1,14400,9000,0
1348,1,2,1,13550,358,-7,-2,2,0,0,0
1015,1,1,2,590,11,-74,-72,1,0,0,0
2425,1,2,2,3530,131,-71,-46,1,0,0,0
1781,2,1,2,26510,445,155,17,1,900,900,0
1785,2,1,1,58850,679,113,-20,1,1300,800,1
2070,2,1,1,14110,280,-59,-49,1,0,0,0
356,2,1,1,581540,2102,7,-23,1,6500,6000,1
2460,2,1,1,6580,161,-75,-63,1,0,0,0
1312,1,2,1,18170,408,50,35,2,0,0,0
1635,2,2,1,43900,853,24,48,1,80000,80000,0
550,1,2,2,5380,90,-18,58,1,2000,2000,0
1227,2,1,1,17360,380,-37,-9,1,0,0,0
2309,1,2,1,45450,491,63,2,1,400,400,0
957,1,2,2,14670,44,23,10,1,0,0,0
1773,2,1,2,3270,118,-69,-69,1,0,0,0
2141,1,1,1,28660,471,-3,-6,1,600,600,0
1008,1,1,2,1180,14,-57,-65,1,0,0,0
1092,1,2,2,5630,98,64,86,1,0,0,0
2303,1,2,1,13320,153,-52,-68,1,3000,3000,0
996,1,1,2,2720,23,-34,-42,1,0,0,0
1679,1,2,1,44800,350,253,52,2,0,0,0
153,1,1,1,443740,1321,20,10,1,0,0,0
580,1,1,2,6320,32,11,-38,1,4000,4000,0
1470,1,1,1,9840,421,-43,-28,1,0,0,0
703,2,1,1,117120,1095,-22,-24,1,5700,4000,0
1212,2,1,1,16590,324,61,17,1,300,300,0
896,1,2,1,66640,155,-13,-13,1,400,400,0
487,1,1,1,27980,243,-40,-35,1,7000,3000,0
559,2,2,1,70490,330,-38,-37,1,10300,3000,0
1141,1,2,1,26860,319,5,-37,1,0,0,0
1119,2,1,1,42450,429,99,-10,1,0,0,0
512,1,1,1,36400,411,-7,-5,1,8700,8000,0
633,2,1,1,65490,735,60,72,1,72000,60000,0
2228,2,2,1,44410,1113,-12,52,1,4000,4000,0
1664,1,1,1,19370,351,-44,-38,1,0,0,0
1012,1,1,2,920,9,-65,-78,1,0,0,0
1931,1,1,2,3250,127,-47,-20,1,0,0,0
1150,1,2,2,14970,409,39,69,1,0,0,0
2422,1,2,2,2480,145,-80,-40,1,0,0,0
116,1,1,1,157740,440,-31,-35,1,0,0,0
740,1,1,1,44320,269,-64,-85,1,3000,2000,0
2385,1,2,1,34230,551,15,33,1,2000,2000,0
1974,2,1,1,31320,407,35,-13,1,2000,2000,0
1081,1,1,2,3180,11,4,-72,1,0,0,0
1810,2,2,1,64790,909,117,76,1,8000,8000,0
830,1,2,1,179710,274,5,-42,1,3000,2000,0
119,1,1,1,465730,1325,-7,-12,1,4000,4000,0
656,1,2,1,23290,592,-58,-37,2,500,500,0
2358,2,1,1,24140,285,-27,-35,1,0,0,0
2319,2,1,1,76200,766,166,71,1,0,0,0
2528,2,1,2,7460,189,-31,-2,1,0,0,0
635,2,1,1,51660,626,19,29,1,500,500,0
369,1,1,2,2970,50,-95,-87,1,0,0,0
268,2,1,1,453850,1973,-23,-9,1,8000,8000,0
46,1,1,2,39510,204,12,40,1,5000,5000,0
991,1,1,2,1160,20,-83,-50,1,0,0,0
876,1,1,1,65320,128,-29,-25,1,800,800,0
773,1,1,2,3770,50,-47,-40,1,0,0,0
1219,2,1,1,19860,300,-24,-21,1,0,0,0
1126,1,1,2,10160,278,-5,15,1,0,0,0
4,1,1,2,12640,57,-63,-52,1,0,0,0
1595,1,2,2,14040,408,49,29,1,0,0,0
1077,1,1,2,3210,13,-5,-68,1,0,0,0
837,1,1,2,15400,24,-59,-69,1,1000,1000,0
681,1,2,1,121720,1170,1,2,1,5000,5000,0
1715,1,2,1,29550,486,-16,-13,1,0,0,0
2197,1,3,1,37660,658,-5,7,3,0,0,0
1148,1,2,1,18970,301,-27,-38,1,1000,1000,0
574,1,1,1,54030,335,-3,13,1,13300,9000,0
50,1,2,2,66510,215,93,50,2,300,300,0
853,1,2,1,232470,361,28,11,1,4000,3000,0
1982,1,1,1,30650,424,29,-8,1,4000,4000,0
1823,1,2,2,24150,364,176,90,1,5000,5000,0
833,1,2,2,18400,46,-68,-60,1,0,0,0
1115,1,1,1,27450,512,16,0,1,300,300,0
1166,1,2,2,14300,275,33,14,1,0,0,0
1906,1,1,1,18440,403,-50,-34,1,0,0,0
971,1,2,2,19420,60,98,20,1,0,0,0
399,2,2,1,108260,891,-12,-7,1,6000,3000,0
19,1,2,2,8900,38,-83,-77,1,0,0,0
684,1,2,1,95620,996,-26,-17,1,0,0,0
35,1,1,1,127360,351,-54,-53,1,700,700,1
2444,1,1,2,4870,39,-15,-71,1,6000,6000,0
524,1,1,1,36020,487,15,18,1,400,400,0
920,1,1,2,6370,34,-68,-39,1,0,0,0
1841,2,2,1,30220,592,6,-6,2,100,100,0
1890,1,1,1,40350,645,24,5,1,0,0,0
537,2,1,1,40150,525,33,40,1,0,0,0
1705,1,2,1,18680,586,-47,-44,1,2500,2000,0
2527,2,1,2,8910,209,-22,-7,1,0,0,0
245,1,2,1,1496830,1645,21,15,1,5700,5000,0
784,1,2,1,23050,202,-33,-32,2,5100,3000,0
1409,1,2,1,12150,361,-36,-29,1,0,0,0
154,1,1,2,39620,195,-61,-53,1,4000,4000,0
1686,1,2,1,35450,567,6,8,1,600,500,1
625,1,2,1,31710,352,-20,-9,1,1000,500,0
2478,1,1,1,16030,236,-28,-36,1,5200,5000,0
1346,1,2,1,26960,514,85,41,2,0,0,0
569,1,1,1,69660,362,-10,-8,1,800,500,1
1758,1,1,2,5640,296,-47,-21,1,0,0,0
1816,1,2,1,57040,754,99,52,1,3000,3000,0
2065,2,1,2,15610,246,25,-2,1,0,0,0
127,1,1,1,373180,1246,-32,-14,1,2000,2000,0
2563,2,1,1,6920,158,-41,-32,1,0,0,0
2006,2,2,1,20640,517,-23,14,1,0,0,0
980,1,1,2,4910,25,-58,-40,1,0,0,0
190,1,2,1,541040,1295,-26,-19,2,4200,3000,0
1139,1,2,1,36250,361,42,-28,1,0,0,0
992,1,1,2,5400,39,2,-2,1,0,0,0
699,2,2,1,128260,1235,-10,-5,1,1000,1000,0
606,1,1,2,3960,35,-14,-27,1,1000,1000,0
180,1,2,2,432690,1012,30,50,1,0,0,0
301,2,1,1,415690,1486,-37,-26,1,7000,7000,1
1060,1,1,2,2070,14,-23,-65,1,0,0,0
2436,1,1,2,3130,72,-75,-71,1,0,0,0
2479,1,1,1,10870,220,-51,-40,1,0,0,0
1069,1,1,2,3510,19,22,-52,1,0,0,0
2205,1,3,1,43740,1056,9,66,3,0,0,0
1243,1,1,1,15380,251,-34,-34,1,0,0,0
16,1,2,2,31290,117,-52,-41,1,0,0,0
2566,2,1,1,15130,372,18,51,1,0,0,0
546,1,1,1,34280,460,-12,5,1,3000,3000,0
658,1,2,1,24570,434,-52,-53,1,3600,3000,0
2331,2,1,1,9140,335,-69,-25,1,0,0,0
2361,2,1,1,18310,317,-45,-27,1,0,0,0
1504,2,1,1,27960,740,110,91,1,0,0,0
959,1,2,2,9350,44,-20,10,1,0,0,0
797,1,1,1,39390,460,27,50,1,4800,2000,0
225,1,1,2,251120,624,1,1,1,0,0,0
2074,2,1,1,39120,651,13,18,1,1000,900,0
1799,2,2,2,21780,428,110,13,1,8000,8000,0
2552,1,1,1,32580,494,150,89,1,1600,700,0
2277,2,2,2,15210,133,22,-47,1,700,700,0
2085,1,1,2,8460,223,-32,-11,1,0,0,0
1693,1,2,2,30110,1068,199,207,2,2000,2000,0
1045,1,1,2,2350,19,-4,-52,1,0,0,0
469,1,2,2,8190,64,-11,36,1,0,0,0
954,1,2,2,11230,27,2,-32,1,0,0,0
2562,2,1,2,6970,154,-33,-25,1,0,0,0
639,1,1,1,50090,699,-5,19,1,12600,7000,1
2398,1,2,2,13550,326,8,30,1,0,0,0
1218,2,1,1,15770,549,-26,-12,1,0,0,0
1158,1,2,1,34750,368,36,-17,1,0,0,0
1415,1,2,2,12840,471,37,51,1,200,200,0
2340,2,1,1,23860,389,-24,-13,1,40000,40000,0
1527,2,2,1,32500,873,97,90,2,300,300,0
2518,2,1,2,5990,141,-45,-27,1,0,0,0
1300,1,1,1,24100,197,16,-45,1,0,0,0
2472,2,1,2,4380,134,-60,-31,1,0,0,0
1603,1,1,2,8780,178,279,91,1,0,0,0
160,1,2,2,92520,169,-73,-74,1,10000,10000,1
1704,1,2,1,14000,286,-59,-48,1,0,0,0
956,1,2,2,13080,42,14,5,1,0,0,0
2513,1,1,1,21050,458,72,70,1,60000,60000,0
877,1,1,2,18870,47,-19,-3,1,4800,4000,0
1919,1,1,2,15640,326,67,1,1,200,200,0
1884,1,1,1,30750,508,-4,-21,1,0,0,0
2200,1,3,1,51740,847,28,33,3,200,200,0
98,1,1,2,54990,182,1,-28,1,0,0,0
2442,1,1,2,3540,53,-71,-77,1,0,0,0
253,2,2,1,1132810,1893,-14,34,1,7000,3000,1
103,1,1,2,22710,68,-57,-70,1,0,0,0
1445,1,2,1,8720,175,-48,-31,1,0,0,0
1443,1,2,1,7680,253,-59,-60,1,0,0,0
1648,2,2,2,17500,647,74,86,1,0,0,0
586,1,1,1,17660,140,-60,-52,1,900,900,0
627,1,2,2,7400,47,-68,-80,1,3000,3000,0
1696,2,2,1,31160,623,-6,20,1,400,400,0
2101,1,1,2,7060,241,-44,-4,1,0,0,0
2199,1,3,1,63410,767,57,21,3,600,600,0
403,2,1,1,38180,322,-6,0,1,11500,8000,1
1154,1,2,1,29380,381,18,-15,1,0,0,0
2255,2,1,1,37670,488,19,-41,1,0,0,0
1682,1,2,1,37110,484,17,-3,1,1000,1000,0
2056,2,1,1,16830,396,-14,-18,1,0,0,0
2455,2,1,1,29720,368,12,-14,1,4000,4000,0
452,1,1,1,106610,546,26,43,1,20800,7000,1
2301,2,2,1,12850,193,-51,-60,1,0,0,0
1327,1,2,1,19810,209,21,-22,1,0,0,0
2049,1,1,1,22810,508,-35,-7,1,0,0,0
880,1,1,1,51950,144,-44,-17,1,3000,2000,0
2515,1,1,1,18780,498,21,76,1,3000,3000,0
623,1,1,1,48530,485,90,87,1,1300,1000,0
2392,1,2,1,32110,427,9,2,1,200,200,0
1787,2,1,1,53990,718,80,45,1,4000,4000,0
262,1,1,1,509190,1758,-45,-15,1,2300,2000,1
1634,2,2,1,55200,1259,35,9,1,4000,4000,1
1438,1,2,2,6450,163,-30,-48,1,0,0,0
2198,1,3,1,26590,552,-34,-13,3,0,0,0
1969,2,1,1,20050,295,-14,-37,1,0,0,0
1802,2,2,1,21900,276,128,71,1,600,600,0
640,2,2,1,36430,500,-31,-16,1,94000,90000,0
2445,1,1,2,3860,53,-68,-77,1,0,0,0
1959,2,1,1,25090,383,78,30,1,0,0,0
488,1,1,1,60200,449,32,24,1,9200,5000,0
1843,2,2,2,21190,402,105,6,2,6000,6000,0
1734,2,1,1,26940,429,-18,-17,1,0,0,0
146,1,1,2,87740,357,-30,-24,1,0,0,0
1534,2,2,1,40130,1324,120,162,2,1100,600,0
1986,1,1,1,48390,532,104,16,1,0,0,0
1369,1,2,1,33620,762,97,77,1,700,700,0
2531,2,1,2,9340,148,-18,-34,1,0,0,0
659,1,2,1,56350,999,26,19,1,1000,800,0
1794,2,1,1,14390,455,-50,-8,1,1000,1000,0
186,1,1,2,117040,328,-57,-45,1,2000,2000,0
1147,1,2,1,9970,323,-62,-33,1,0,0,0
608,2,1,1,49520,405,60,49,1,72000,60000,0
2191,1,3,1,34900,798,-12,30,3,0,0,0
1930,1,1,2,4310,172,-30,9,1,0,0,0
197,1,1,1,1256570,3289,86,88,1,6200,5000,0
2327,2,1,1,17880,237,-40,-47,1,3000,3000,0
293,1,1,2,58200,219,-27,-38,1,3000,3000,0
766,1,2,1,60340,495,68,96,1,12500,8000,0
400,2,1,1,19520,211,-2,6,1,3200,3000,1
122,1,1,1,951410,1332,98,-7,1,0,0,0
202,1,1,1,1034700,1837,33,-6,1,2000,2000,1
835,1,2,2,13120,19,-73,-81,1,0,0,0
2294,2,2,1,38240,410,47,-15,1,100,100,0
1439,1,2,2,2000,130,-78,-58,1,0,0,0
1733,2,1,1,27390,674,-17,30,1,0,0,0
1695,2,2,1,36970,1033,9,3,1,0,0,0
1707,1,2,1,36460,902,4,-14,1,0,0,0
2511,1,1,1,23960,539,54,91,1,0,0,0
1153,1,2,1,38430,406,54,-10,1,0,0,0
1661,2,2,1,59210,705,73,23,1,4000,2000,0
1759,1,1,2,6700,347,-36,-7,1,0,0,0
854,1,2,1,240350,458,24,34,1,3000,2000,0
1589,1,2,2,12300,424,34,39,1,0,0,0
2267,2,2,2,19640,556,-21,-11,2,0,0,0
641,2,2,1,65150,952,25,60,1,4100,2000,0
1,1,1,2,14720,33,-70,-79,1,2000,2000,0
2160,2,1,1,17120,332,-37,-30,1,0,0,0
698,2,2,1,105810,958,-27,-26,1,14900,8000,0
1636,2,2,1,28150,1047,-31,-9,1,0,0,0
1291,1,1,1,18850,215,-13,-43,1,0,0,0
2464,2,1,1,9820,167,-60,-58,1,0,0,0
1520,2,2,1,33430,518,105,80,1,0,0,0
1853,2,2,2,4070,173,-61,-54,2,0,0,0
1136,1,2,1,15300,295,-40,-41,1,0,0,0
2498,1,1,1,19170,430,-1,29,1,0,0,0
1631,2,2,1,20140,248,-43,-57,1,3000,3000,0
1998,2,2,1,60490,788,129,70,2,600,600,0
663,1,2,1,49070,587,28,-20,1,2400,2000,0
683,1,2,1,190960,1651,58,45,1,11000,9000,0
1257,1,1,2,17730,134,97,-38,1,0,0,0
317,2,1,1,507230,2116,-21,-40,1,3000,3000,0
648,1,2,2,10520,72,46,1,1,5000,5000,0
1434,1,1,2,6980,85,0,-49,1,0,0,0
1479,1,1,1,10100,295,-35,16,1,0,0,0
709,1,1,2,12490,122,-59,-39,1,700,700,1
1282,1,1,1,15160,180,-33,-55,1,500,500,0
1768,2,1,2,7300,159,210,83,1,0,0,0
972,1,2,2,5250,66,-49,36,1,0,0,0
1306,1,1,1,12740,203,-33,-39,1,0,0,0
1400,1,2,1,17600,543,-6,8,1,0,0,0
1408,1,2,1,11830,201,-27,-18,1,0,0,0
2237,2,2,1,49030,1026,71,34,1,0,0,0
1496,2,1,1,24880,527,85,37,1,0,0,0
2038,1,1,2,20740,510,66,104,1,0,0,0
1529,2,2,1,60140,800,267,181,1,3000,2000,0
1663,1,1,1,24650,332,-29,-41,1,0,0,0
1354,1,2,1,12980,436,-13,16,2,0,0,0
2521,2,1,1,15530,237,33,-6,1,0,0,0
2538,2,1,1,13070,189,13,-23,1,0,0,0
1643,2,2,2,21920,763,112,117,1,4000,4000,0
1051,1,1,2,2570,10,18,-75,1,0,0,0
795,1,1,2,2210,34,-64,-51,1,3400,3000,0
1597,1,2,2,8190,325,-13,3,1,0,0,0
1819,1,2,1,34170,610,19,23,1,500,500,0
1722,2,2,1,13360,383,-59,-61,1,0,0,0
1183,1,2,2,5880,175,-40,-24,1,0,0,0
1059,1,1,2,2850,10,12,-75,1,0,0,0
540,1,1,2,1150,22,-88,-73,1,100,100,0
1678,1,2,1,12600,266,-60,-47,1,0,0,0
2489,1,1,1,19740,888,103,105,1,0,0,0
1757,1,1,2,8850,361,-12,4,1,0,0,0
1923,1,1,2,23440,514,151,59,1,8000,8000,0
95,1,1,2,25580,120,-54,-53,1,6000,6000,0
1020,1,1,2,2610,39,5,-2,1,0,0,0
563,1,1,2,5310,49,-88,-89,1,0,0,0
863,1,1,1,122030,211,-42,-42,1,500,500,0
1484,1,1,2,22200,685,153,130,1,3000,3000,0
1881,1,1,1,80100,867,150,35,1,1500,1000,0
1038,1,1,2,2290,29,-15,-28,1,0,0,0
206,1,1,1,1988970,3697,78,57,1,0,0,0
392,2,2,1,184710,1482,61,78,1,49800,30000,0
870,1,1,1,70740,154,-50,-36,1,0,0,0
397,1,3,1,83180,744,-32,-19,1,14600,9000,1
2483,1,1,1,20570,346,-7,-6,1,0,0,0
1028,1,1,2,2180,10,-24,-75,1,0,0,0
1485,1,1,2,19560,659,123,121,1,700,700,0
960,1,2,2,11500,30,-3,-25,1,0,0,0
1570,2,2,1,45650,664,55,34,2,0,0,0
1895,1,1,2,28710,454,207,40,1,4000,4000,0
2146,1,1,1,14210,469,-53,-8,1,0,0,0
804,2,2,1,9130,68,-64,-75,1,2000,1000,0
1751,1,1,2,11020,589,10,69,1,0,0,0
2454,2,1,1,12950,343,-12,-9,1,0,0,0
502,1,1,2,7570,69,69,67,1,5000,5000,1
779,1,1,1,17750,151,-49,-48,1,400,400,0
1863,1,2,2,5680,127,-43,-64,1,0,0,0
200,1,1,1,1371400,3040,91,63,1,300,300,0
2182,1,3,2,47250,961,517,305,3,200,200,0
2088,1,1,2,4720,186,-62,-26,1,0,0,0
2278,2,2,2,7540,133,-40,-47,1,0,0,0
1796,2,1,1,70980,1157,161,37,1,10000,6000,0
378,2,1,1,91510,768,-78,-69,1,5900,5000,1
2336,2,1,1,30140,426,-4,-5,1,11900,6000,0
418,1,2,1,17660,224,-41,-27,1,9900,4000,1
1698,2,2,1,51560,1088,52,8,1,0,0,0
391,2,2,1,122410,902,8,9,1,3600,3000,1
1522,2,2,1,37590,1115,146,153,2,40000,40000,0
1162,1,2,1,28960,444,14,0,1,300,300,0
1495,2,1,1,13960,293,-12,12,1,30000,30000,0
2027,2,2,1,59950,815,105,67,1,0,0,0
1152,1,2,2,6790,238,-37,-2,1,0,0,0
1367,1,2,2,8070,404,270,278,1,0,0,0
64,1,1,2,18160,78,-57,-48,1,0,0,0
2062,2,1,1,14710,321,-58,-42,1,2000,2000,0
1180,1,2,2,6510,187,-35,-19,1,0,0,0
492,1,1,1,49430,434,1,9,1,1500,800,0
379,2,1,1,92450,777,15,24,1,27600,10000,0
2235,2,2,1,57440,879,4,12,1,0,0,0
763,1,2,1,42840,248,24,5,1,4000,2000,0
2264,2,2,2,38900,697,56,12,2,0,0,0
791,1,1,1,47690,518,42,63,1,7400,3000,0
1076,1,1,2,1980,18,-43,-55,1,0,0,0
878,1,1,2,21900,60,-5,25,1,0,0,0
337,2,1,1,172250,1250,-43,-50,1,73000,70000,0
2343,2,1,1,22440,483,-29,10,1,0,0,0
1016,1,1,2,3720,43,75,8,1,0,0,0
1275,1,1,1,15470,286,163,12,1,0,0,0
455,1,1,1,66680,430,-17,9,1,5400,5000,0
815,1,1,2,430,3,-71,-92,1,0,0,0
2317,1,1,1,35570,505,25,9,1,0,0,0
995,1,1,2,1600,11,-66,-72,1,0,0,0
1981,2,1,1,35830,407,54,-13,1,0,0,0
201,1,1,1,891720,2037,11,0,1,0,0,0
161,2,3,1,974430,1828,20,20,1,20600,20000,0
1579,2,2,1,69390,1107,104,16,2,3700,3000,0
2449,1,1,1,4150,262,-64,-49,1,0,0,0
702,2,1,1,195950,1913,38,40,1,2700,1000,0
1500,2,1,1,26780,1003,99,160,1,60000,60000,0
1129,1,1,1,14080,172,-38,-65,1,0,0,0
1021,1,1,2,3030,29,15,-28,1,0,0,0
1585,1,2,2,17390,720,89,136,1,0,0,0
1955,1,1,1,20350,439,39,44,1,0,0,0
2253,2,1,2,24870,507,259,165,2,0,0,0
34,1,1,2,71840,255,54,28,1,6000,6000,0
775,1,1,1,8380,47,-78,-85,1,6000,6000,0
1478,1,1,1,15300,293,-2,15,1,0,0,0
1390,2,2,1,9090,511,-51,4,1,0,0,0
2139,1,1,1,23190,368,-22,-27,1,0,0,0
1363,1,2,1,11630,481,-27,21,1,0,0,0
2041,1,1,1,31720,423,-6,-21,1,300,300,0
241,2,1,1,525630,734,-54,-48,1,200,200,0
2061,2,1,1,22850,515,-13,-10,1,0,0,0
2363,2,1,1,26080,420,-21,-4,1,4000,2000,0
600,1,1,1,36600,341,20,37,1,13000,7000,0
2435,1,1,2,2930,408,-77,67,1,0,0,0
1297,1,1,1,20500,717,82,157,1,0,0,0
2214,2,3,1,68040,1049,50,51,2,4000,4000,0
2068,2,1,1,30130,403,-15,-27,1,0,0,0
646,1,2,2,11130,126,-47,-40,1,4900,3000,0
1528,2,2,1,54860,989,233,115,2,0,0,0
1267,1,1,2,3990,231,66,98,1,0,0,0
1899,1,1,1,15080,306,-56,-48,1,0,0,0
562,1,1,2,6500,67,-87,-87,1,0,0,0
189,1,2,1,763520,2079,5,36,2,0,0,0
1806,2,2,1,23770,519,-21,0,1,500,500,0
975,1,2,2,7970,44,-32,-15,1,0,0,0
2047,1,1,1,50840,719,46,32,1,7000,7000,0
1082,1,1,2,4350,22,48,-45,1,0,0,0
474,2,2,1,42390,356,-48,-7,1,6600,3000,0
747,1,1,1,21060,106,-61,-82,1,0,0,0
2300,2,2,1,21070,266,-19,-45,1,0,0,0
21,1,1,2,11710,70,-72,-47,1,4000,4000,0
459,1,1,2,9280,43,-57,-90,1,2000,2000,0
1184,1,2,2,8290,229,-15,0,1,0,0,0
2324,2,1,1,33780,525,18,17,1,0,0,0
955,1,2,2,12430,32,14,-20,1,0,0,0
1215,2,1,1,34020,858,60,38,1,0,0,0
2433,1,1,2,4580,100,-64,-59,1,0,0,0
1515,2,1,1,62880,826,338,99,2,700,700,0
2391,1,2,1,20260,722,-19,-42,1,0,0,0
769,1,1,1,18210,150,-54,-51,1,7700,5000,0
1685,1,2,1,21520,477,-32,-5,1,0,0,0
130,1,1,2,99160,514,-34,4,1,4000,4000,0
2135,1,1,1,10320,311,-65,-38,1,0,0,0
1482,1,1,2,5280,294,-40,-1,1,0,0,0
330,2,1,1,347400,1684,-28,-22,1,31000,30000,0
1238,1,1,1,18580,753,-7,25,1,0,0,0
466,1,1,1,47370,296,-30,-28,1,8800,7000,0
2169,2,1,1,55130,800,88,61,1,0,0,0
1638,2,2,2,16470,661,60,88,1,0,0,0
1095,1,2,2,6220,111,52,40,2,0,0,0
1130,1,1,1,11690,235,-48,-52,1,0,0,0
1294,1,1,1,7100,227,-37,-19,1,0,0,0
860,1,2,1,147570,259,-30,-31,1,2000,1000,0
